client_id	path	sentence_id	sentence	sentence_domain	up_votes	down_votes	age	gender	accents	variant	locale	segment
116398939d6be70fc5fb532924a130c0adf286ac283499da82ac8940d5cd1435a250bba61eb7fcff20f35087275f7f9d5c5d8bafd1a76dd37794a756b4a46851	common_voice_en_41923025.mp3	f5a2a431746c5229ab696ba0e1a518fe7b26e208ff3b84b164a95f06dd0e02f7	He was born at Wichenford, in Worcestershire, and educated at Balliol College, Oxford.		2	0	thirties		United States English		en	
24a4da2e8f053a45a0715849c222a40a4b0da9872efb2ed89e6721c4c1139c4e0a4514a3a5be51eef8de345add706d9296d7eb2d10518b45b6684ee43627bb8d	common_voice_en_42356358.mp3	f6f009587d8812c147af1cc05079e1fcd8120c8a98cdf86973552e35bdab48e1	The Portuguese division was overrun and withdrew towards Estaires.		2	0	teens		United States English		en	
30849595699bc853c3810a78448acede46888b4e2d08097f665cad511ec2b0eba5a46746cc222f24d936dfbbbbdc9e24db13df074d2b9d453c1121c06170b15a	common_voice_en_42165090.mp3	f69afa5e77812e8be0085c874d2a9767323c78ffb43ba65ce58705a9cb8fbf27	Her health by this stage was also poor.		2	0					en	
42d53f34c1bc50f7a7c4ed1765a8d1ffeaf5cd441513cc0e6c72a4af7b841345903a04d3d5b8de8877de3d8b270a8d38d38a7a2157b845c0da695f53eec413bb	common_voice_en_41921729.mp3	f5739acbefdbd3aac990792966fac4d40dcb39eb8dfa21e1b316e5be00ba0388	His sporting interests outside of cricket included golf.		2	0	nineties		England English		en	
436b9e1f9da710d74eb01209f8f269bee70e93cadf20539cb66b5c414da0f8897e019acb4ddf0fbffee8e39ddde52b88cc458c575aa52e34118d2f14070c9ae1	common_voice_en_42528393.mp3	f7d35c60d76f025c45a9495757d1ee0e2b7c206317a2880b9bda6f94e4403a3e	The following year he was elected to be part of the London Designer collections.		2	0	teens		United States English		en	
47e310af6db6b62e9820ec86ab728d5b5a374e609c86eb3f831c1978f06ee69ede927331d4beb3d1c126bd362cc3a657b3ce2dedde4a6bb377cec1b3312ae10f	common_voice_en_42006138.mp3	09366b701c5430420b021acc7d6e5f9a70c7ddf1504ad1fa026dceff7f2ee59e	A healthy diet combined with lots of exercise can help you keep fit.		2	0			Australian English,Canadian English		en	
55158ab09dacdb9f29a4a9dbe649970d7d5e3c4f634bb9d98568f60c0d85796dadac07493eecf9f7b536d7870c6f8aae226c23067f8f4240fa46b36df45a9c34	common_voice_en_42555516.mp3	f7adddb67a702c8dcb6804f28e1491ec76efbad6cb0c3b5fa4ce0fb84764ca05	Safronov is the nearest rural locality.		4	0	twenties		United States English		en	
5744531c533d5d1717e7bfdfc6b54a4a4e385e4415900a186f9cf41b5e737eaa0be36bac08fed90e86c55b7fde4d95a44dc9d3994623298bdd808a708455f0ae	common_voice_en_41951792.mp3	f605b1dfdb89d9699c3e08bdf8c3a43895e509ca84e37105fb7af87d2f522b59	Contemporary fellow ministers in the Southern Baptist Convention praised his preaching abilities.		2	0	thirties		Scottish English		en	
63249207b46877a627fa51558278f322c17c459c56789e094f91cb6ef3c412b5af2c1f6677460316d3442c91d741e2f3a729aeb8408f3f82bb26a0986bc5f9bc	common_voice_en_42446785.mp3	f73d6aeb53eacc74834b9392149a751408bbf45d5991969573247d3e406d102b	Bucknell tied for third in the Colonial League.		2	0	fifties		United States English		en	
6ed6b67b63bf01ddb7e8bf6b75bdeb83c7a7e4c42ac226f3224254eb64d7319a220f4568239a4f0d141ce2002f0ea53666c10bae3af29d5fefff217489c987e2	common_voice_en_41974998.mp3	f5d431517eb0c1cc0f3c8fdf2470fa53e060cbc67216ceccac37221a299409bc	The ghettoization was completed within a week.		2	0	twenties		England English		en	
75af00ad24068fa1a9aef0ffb9e972914db959cf9ac7cca9d6a527566a1485f0f79b977b1eea8075babf5a6886791eec98e4ba938194a944f71afa480e3f7301	common_voice_en_42020013.mp3	f671e64dd2be9741bf0182aa4e71536e50a187035bc2e8cdbdf6e6ed8898236c	Philpott was for many years Treasurer and then President of the British Psychological Society.		2	0	twenties		United States English		en	
80fe1dd00d745059a22925385d295a49722b9639f1b2b3844a8e94f491cbbbde88ef7b9e9473bf01e85520e00cdb66575ee1fadf92546e1914596d98cf93e290	common_voice_en_42046273.mp3	f67de257b2ca07e7f5405922619b44311e0cd3e596a1b4be6729bfdbef3913a5	Both the engines and the gearbox proved to be unreliable.		2	0	twenties		United States English		en	
8532ee1920f74cab963f7b2895f0b5d5519a8762bb1f3b742293915270928c8826003a955e9a9a092982572ddaceed20ff3eaedd2517aa8c4a3759585bfb5493	common_voice_en_42458975.mp3	f745210fe8bb5ef48521b3a1af2fbfac3cee6b58464d294d8a129627298c437d	The award went to David Foster and Jeremy Lubbock.		2	0	fourties		India and South Asia (India, Pakistan, Sri Lanka)		en	
89e2882d489f880be5d572f3fdc58e8440c0a18e53f10832d9d70869cea2d7b1b734209474ebd37606239ebb6c2276ca6f023394c1271d1cd66cc2a9e4ab84c6	common_voice_en_42494012.mp3	f75de249735821e402b6a49f9e61f22866a9609d3b4d3b5c22bca596835988de	Its products range from suspension forks to derailleurs.		2	0	thirties		United States English		en	
95ad670587afb013217297ae3da765f6ec63f8b4a76b96415a4c9e136cc964cc4cee46c7d5b4373f4144decf56767d2ce609c95994d2a7ec89380a9bc684698a	common_voice_en_42435518.mp3	f738847e1791781fe6bb3ff7f994fff77cc0e731de15648fcdc3bd124675ae66	It belongs to the large family of Franco-Belgian comics.		2	0	twenties		Russian		en	
a862e97505d11e3e4a47fbe1513473b1527c600e5195b3268656fe21e6316c58aa823fb347128e8c7afc5dc97702dc34d454ee54f525c74668ff2024d4174add	common_voice_en_41930868.mp3	f5ca18b7845b9dd591826b1e64cde421da54d2bb87e2ad46285c2ebb16d3a825	He attended Iowa State University, where he played defense on the school's football team.		2	0					en	
a97730f86fa90560ae105669364412a9ad393b32839d0151236604af188212aab60bf5168a7975fdd0a448dd3131543f5c0032e737a7164b41e9d9d85ffd6660	common_voice_en_42251480.mp3	f6c46ea54238ce173197efd95fc999ec5a72949afa630572480aee123d67dd90	Some outside scholars examining the system in depth disagree with the "official" results.		2	0	sixties	male_masculine	Filipino		en	
aca627868889f3be90974df9e5b1207f96b4b4c8c4edbd02d7992681d5cc988490c8d59c21342b2850ff33555e7c497104b5e3bfba3c6fa9ad2f4c57566dd691	common_voice_en_41923270.mp3	f5b7b82e503a4f77d7a0aeb8c149fd048693a4398c68df47e1ef00ef3c9cdb3e	Marshallville students attend Green Local School District in nearby Smithville.		2	0	thirties		Malaysian English		en	
b05193e293be8fd4e274486c5807611338d00b8aeb0dcc5cc9b17ba465463718dd496b6a750742b6ef19bcb2d131b5d8546e342a24be7cfe45cb9b1f89f33a3f	common_voice_en_42594358.mp3	f8296faf7e5f489cd6525bd7b6b95f457ebc82776f2b721180a09aeaa41293a2	Political positions inside and outside the party are open to women.		2	0	thirties	female_feminine	United States English		en	
b361b8637db1093983f670ae132d32afbff84e2ca81655df84561ca86313a6363a4d6ee447f4656ddf6247e0b589dd5ddedbd8c652ebc3aacc3b5a74d624e85d	common_voice_en_42141720.mp3	145e1edf6ba791fd1d9c8ab1154c3aca5f8ef783d0b8a5357a36d952ee571298	Despite their frequent bothering, he never paid them any attention.		2	0					en	
cab08a0c4ae924c447b0a23eabc3594f2368a1b98f14b4025d79b4d24c2cf93c3a9d5432fe10197d56091f8e830da7fcdcb4d7ffc6ebf4fdf166dd88335a427b	common_voice_en_42498572.mp3	1cd411fbc31d40c2a78e14387704635b41d21d27eec1a53fac4f9fc7fc2fef12	A human being cannot be safely trusted solely to the mercy of another.		2	0	twenties		England English		en	
d00446e08c607630db0b554cb2c45a91bb46f87042798b0b18a106c5d68b3779c2e2cb46c1b73393743f0c93e08cd978fddac08e3b6ea40ceda2b1ff6e858bc4	common_voice_en_42216083.mp3	1954e2b1eccc4f78e253959b5176e5186cb18b98bb2ea38b5d60b8e41d367214	One area where training specific behavior has gained significant attention is in sports.		2	0	fourties	male_masculine	United States English		en	
dc40c94b0f302d96d0754793e1b46cbd99f2599beca3474603085a2a908d1ec18b3e7d5357011fd9ad7f05394bb76b07e86f03666a4ce8507f2355e7f1e83e43	common_voice_en_42466107.mp3	f768d66aa599bfc58f8e2e636f51b5fd1b9fa3168294d4480153b263f6f55775	However, the series was launched without this technology.		2	0	teens	female_feminine	United States English		en	
fcec237c8a98418623d37d238b2de928bc0b7e8637d8326eb4616d7e5a32ebc7f7a4df4af5b5e74c55009280f5e9ad62cd8219d0930cf20322bba65695c76464	common_voice_en_41970688.mp3	f62f4bbca135f63471e79e6131b8f09f0b837e80bcf74f6363dcec0894dce60b	Wiley graduated from Sault Ste.		2	0	fifties		England English		en	
ff8ee8cde3ab040f91ed8427f94f0466b7bc07d024d8b8f2a47cf390aefd3a5a77839d6f218b9f0d20b5c79b238474021863565d22550c681dd27a7e5e98cdaf	common_voice_en_42437221.mp3	f73569dc5395cc08e654bb9b1e521e00ff8e90e017b4aed068f4e93f5d22d23d	Lenny Hart was also the Grateful Dead's original money manager.		2	0			United States English		en	
302b51de89ba0e815cce38bba05ee858e556375d19c74554175b32c2f93dc57bc44d0a3c15bf844eea5cd752b97c28fee9b2310029276363f9eabc67eb0c9cca	common_voice_en_42511436.mp3	f7b69a4bfcc4e2033a48edd7823083e621cc407dd2e09b5b949b3593a4d9b825	He later commented that he did not support the death of Norwegian military personnel.		2	0	sixties	female_feminine	United States English		en	
302b51de89ba0e815cce38bba05ee858e556375d19c74554175b32c2f93dc57bc44d0a3c15bf844eea5cd752b97c28fee9b2310029276363f9eabc67eb0c9cca	common_voice_en_42511438.mp3	f7ae182e9060442207d2a0f147cf57fb016486ca89291b5f367d09aff8d81a38	The truth will come out one day as it happens all the time.		2	0	sixties	female_feminine	United States English		en	
4a3d198ccac94aa3330809ce2eef552dec6625d116950888019d1d5fbd71e82e022f2878fa2d1a4af25743f6a90ef234165fe3eaba26198c29f3afdb054ba1f8	common_voice_en_41977227.mp3	f616f979f9419305e3d66a88b0205c2fe36b8aaa049b3fb88076e367e45e6233	Colonel Beall served throughout the war as the only Commandant of the Marine Corps.		2	0	thirties		United States English		en	
4a3d198ccac94aa3330809ce2eef552dec6625d116950888019d1d5fbd71e82e022f2878fa2d1a4af25743f6a90ef234165fe3eaba26198c29f3afdb054ba1f8	common_voice_en_41977272.mp3	f5d3d3f0979a45dd106186a1de94d1f1e45971ec9834d941bfc71574d2fc48ca	It was named a Notable Book of the Year by "The New York Times".		2	0	thirties		United States English		en	
652179379c6aa7b508476ee6b0269d93da89555358a72badb8dc1f76e0cf8a0b4d3c95c38702134aeaed9af7a64ac13cd15f89cd3a6278e2338a0f8855134789	common_voice_en_41940683.mp3	f5d53c83ccbd878634f5fb9fa426372633c2c7740410d63c682984d810643597	His servants obeyed his orders, the monks being powerless to interfere.		2	0	twenties		United States English		en	
652179379c6aa7b508476ee6b0269d93da89555358a72badb8dc1f76e0cf8a0b4d3c95c38702134aeaed9af7a64ac13cd15f89cd3a6278e2338a0f8855134789	common_voice_en_41940779.mp3	f5f60ee5a2a66f5aea2078c2a8888bd730da07a4dd5a0b7835932bc52ff0787c	To deal with this, Unicode provides the mechanism of canonical equivalence.		2	0	twenties		United States English		en	
8d1408d97064c03b347bd3788bca175718af604f4a6f7787221e5be323955f96021bc259a3b79a2fefdc9ca3c30fc8ad0a8928ab5038105870963925e768ba95	common_voice_en_42593468.mp3	f7ff60501cf6ac62a19a31a821f4ca9471646724e47401e5a12ddc5df416455b	Raff was born in Lachen in Switzerland.		2	0	twenties		United States English		en	
8d1408d97064c03b347bd3788bca175718af604f4a6f7787221e5be323955f96021bc259a3b79a2fefdc9ca3c30fc8ad0a8928ab5038105870963925e768ba95	common_voice_en_42593505.mp3	f82531a3c1387fab7f04877c0ac186f982b071cc7fdf74de61b3dae842930d97	While a large percentage consists of incoherent or chaotic sound, referred to as noise.		2	0	twenties		United States English		en	
b1f27cc2cbe7f65947ba978603322fae97a29a2b348b87bbe4946fdf011443599b807565bfcc38b2075afa78768495e1f6175eb7f3eaab236163199ae00b25f8	common_voice_en_41944826.mp3	f5e5c88d3cf13d94c3911dc0cb47feb093b4a350f631cebb23722d957c3b00a5	Sharity-Light runs in user space rather than kernel space.		2	0	twenties				en	
b1f27cc2cbe7f65947ba978603322fae97a29a2b348b87bbe4946fdf011443599b807565bfcc38b2075afa78768495e1f6175eb7f3eaab236163199ae00b25f8	common_voice_en_41944852.mp3	f6027ca018b0b419249ff775fdb068ac081b8ebabefc83d2ed56d2c4d9095a36	It stars Michael Gross, Alexis Arquette, and Hilary Swank.		2	0	twenties				en	
f946b80de4f5781375def733abf0af634dcc71638c5c993643583a438580faa7c6f560f47b7a4e36f21ae5f8e548b24a3f7100df328b98f3d45324074eca832b	common_voice_en_41958320.mp3	f61edc68c314ced7d14bda1721af942f2a8739a092e3737ef97a282a51ccabc9	Her grave is located at the Hietzing Cemetery.		4	0	twenties		United States English,Southern United States English,Lightly Southern		en	
f946b80de4f5781375def733abf0af634dcc71638c5c993643583a438580faa7c6f560f47b7a4e36f21ae5f8e548b24a3f7100df328b98f3d45324074eca832b	common_voice_en_41958333.mp3	0829b2f421ecac490253ff04e0791c85d7fce953a0a39c306ce2381d3f02e1cc	Future exploration will have to involve the smaller basins as well as		4	0	twenties		United States English,Southern United States English,Lightly Southern		en	
29b8505586cd43382cd695da6b943f401104be710a5b60e814ac5fe7e06b39459cf8fe1701ca83f8154b3ccd749df7c2aef33ff23950bb1a135b1e1c393dbcf6	common_voice_en_41969910.mp3	f6261dfe192766a460c62fbc9a3dd42bae107e9dcedc0b21d3c63db749e0643d	Stevenson was born in Lindsay, Ontario.		2	0	fourties	female_feminine	Scottish English		en	
29b8505586cd43382cd695da6b943f401104be710a5b60e814ac5fe7e06b39459cf8fe1701ca83f8154b3ccd749df7c2aef33ff23950bb1a135b1e1c393dbcf6	common_voice_en_42182410.mp3	162865aa8fb62c3aafea4fc4d97d16817e033321294206360802a6d3e68bf1ec	Follow the link to find the list of World Alliances.		2	0	fourties	female_feminine	Scottish English		en	
29b8505586cd43382cd695da6b943f401104be710a5b60e814ac5fe7e06b39459cf8fe1701ca83f8154b3ccd749df7c2aef33ff23950bb1a135b1e1c393dbcf6	common_voice_en_42264420.mp3	19166a955f3aefacf15bab9d6a2a1a54659fee229ba2851dbc7289332205a20c	A teaspoon is typically characterized by its small size and long handle.		2	0	fourties	female_feminine	Scottish English		en	
78899c686b3bdef6619b63f98b03d3f5fdf2ca7427d0ce6dace8a10befc17941b33c5b7b7c2a808f0c670e9560ad5da356b6f4b06407ce3e1a299787168c3b6a	common_voice_en_41918312.mp3	f5ac5625dcdcef23e2d6d456dbf6f00e964ff14fd17a739b4ed360bfac85f93b	These demos helped build hype around the band.		2	0	twenties	male_masculine	India and South Asia (India, Pakistan, Sri Lanka)		en	
78899c686b3bdef6619b63f98b03d3f5fdf2ca7427d0ce6dace8a10befc17941b33c5b7b7c2a808f0c670e9560ad5da356b6f4b06407ce3e1a299787168c3b6a	common_voice_en_41918321.mp3	f5b2c816cad7667f24734349dce5bd5c006d57d1bb7a839057571b019c3a4c15	Once a cat burglar, a master among jewel thieves.		2	0	twenties	male_masculine	India and South Asia (India, Pakistan, Sri Lanka)		en	
78899c686b3bdef6619b63f98b03d3f5fdf2ca7427d0ce6dace8a10befc17941b33c5b7b7c2a808f0c670e9560ad5da356b6f4b06407ce3e1a299787168c3b6a	common_voice_en_41918336.mp3	f59596aee63728b7586c68492dea27581bbf67d8d984a321e1a665891be9a1ef	Teams are seeded according to their regular-season record.		2	0	twenties	male_masculine	India and South Asia (India, Pakistan, Sri Lanka)		en	
79d543138d8b1a49e9c2e74ff9a129bd3f34bd597cff59f8485b011eac15cb6113062d17df49c5b649e4c4793ebce6bb76488cc81bf22a7de0f1a37eaeff9b18	common_voice_en_41910645.mp3	f569b561b214ba0de8dad201dde830ea7c68feb9157d79ef16411b1668e2873f	It is located about west of Richfield.		2	0	twenties		United States English		en	
79d543138d8b1a49e9c2e74ff9a129bd3f34bd597cff59f8485b011eac15cb6113062d17df49c5b649e4c4793ebce6bb76488cc81bf22a7de0f1a37eaeff9b18	common_voice_en_41910679.mp3	f591f7de61805639d04b507b61a5d934fc550186dd89588a5a364a52d2054d29	This mature wood is mainly oak and beech on clay soils.		2	0	twenties		United States English		en	
79d543138d8b1a49e9c2e74ff9a129bd3f34bd597cff59f8485b011eac15cb6113062d17df49c5b649e4c4793ebce6bb76488cc81bf22a7de0f1a37eaeff9b18	common_voice_en_42604282.mp3	f82ce5211d55cf6328331a667ccfafdcf69e556d429d4aa99fbdb91d84ebc5e0	If anything, I was more competent in handling physical affairs.		2	0	twenties		United States English		en	
b1b825daa6904d4323e932d29400e0e7e0b0cd3a51a7e812a21d499a06a9b16a4b671f32675b2bcc569ec67c5d84b182e36d6cc2efa8eb3b3f80034a3df472a2	common_voice_en_42510046.mp3	f7a837c21ee18124ba65011003ffed44f3ed815cf648eec3e4bb91cd98fd3a8e	The village is located by the Deer River.		2	0	twenties		United States English		en	
b1b825daa6904d4323e932d29400e0e7e0b0cd3a51a7e812a21d499a06a9b16a4b671f32675b2bcc569ec67c5d84b182e36d6cc2efa8eb3b3f80034a3df472a2	common_voice_en_42510071.mp3	f7b54c63fbdfa7d4e8e2d67b086435fac649233155267a9245696374bdabf234	A few tens of planets have been found around red giants.		2	0	twenties		United States English		en	
b1b825daa6904d4323e932d29400e0e7e0b0cd3a51a7e812a21d499a06a9b16a4b671f32675b2bcc569ec67c5d84b182e36d6cc2efa8eb3b3f80034a3df472a2	common_voice_en_42510072.mp3	f7a4deaa4e75f55de247ef125e0500a48c7bc9ee3bb2ae35a06d6b0c6767d762	Many possibilities of what could be changed after recess were discussed.		2	0	twenties		United States English		en	
c3c8cb4802b0f8b865586cb8cf05b16b45539f2b568f5e0293872c0c418cb2110ab8a41f7dcdc33c1bfc6af805f344dfc67f5801f60df91a998cb2eec37f177e	common_voice_en_41944462.mp3	f5e753db4b6b001edfa177d8d62db306394128cf771027aa8bd30b679988a736	His long career in radio included starring in the series "Dangerously Yours".		2	0	thirties	female_feminine	L2		en	
c3c8cb4802b0f8b865586cb8cf05b16b45539f2b568f5e0293872c0c418cb2110ab8a41f7dcdc33c1bfc6af805f344dfc67f5801f60df91a998cb2eec37f177e	common_voice_en_41944463.mp3	f5ef822515032c8fa39666539bfcd1e9a658bdb7737e84b17436351aed555384	It was a time of corruption and deceitful politics.		2	0	thirties	female_feminine	L2		en	
c3c8cb4802b0f8b865586cb8cf05b16b45539f2b568f5e0293872c0c418cb2110ab8a41f7dcdc33c1bfc6af805f344dfc67f5801f60df91a998cb2eec37f177e	common_voice_en_41944465.mp3	f6019e1f97a65f3993aea185ffce13ac0b6e777de2d83b0029813d9bcacea8f5	A large part of the island is natural-state coniferous forest, with some herb-rich parts.		2	0	thirties	female_feminine	L2		en	
ef759dcc97e12b1d2832cf5e956f13adefc590081a16a4415c300a04d5de7f9b985241cc559fa4a7f96795d13a5d0727e1cb62c565d5de346324efe595f775e1	common_voice_en_41923376.mp3	f5bf3e2eef4fae8692f598658603b2490b354390c43a621cdfbe27eb9cb8c67b	This gave France the race lead, with Great Britain second.		2	0			United States English		en	
ef759dcc97e12b1d2832cf5e956f13adefc590081a16a4415c300a04d5de7f9b985241cc559fa4a7f96795d13a5d0727e1cb62c565d5de346324efe595f775e1	common_voice_en_41923388.mp3	f5c1f2f03c11d54485848e9568a699266fb203470d8111e29d7b0c51793e0ad9	Ethel was involved with education serving on the committee of the Froebel Society.		2	0	fourties		United States English		en	
ef759dcc97e12b1d2832cf5e956f13adefc590081a16a4415c300a04d5de7f9b985241cc559fa4a7f96795d13a5d0727e1cb62c565d5de346324efe595f775e1	common_voice_en_41923390.mp3	f5a205cc82fa92cef5174fcc3bb27939924ea7f4585692bd69ab431743d52ea6	Moreover, many of Riker's empirical claims have been refuted.		2	0	fourties		United States English		en	
837c92eb9afbba43aa9aee48dea43d776152925c44e3d79af69a547d8b821bcd0869d5161474495891ead33047ff52866f56f24e9caafc18bf95cf2ac6b3e62a	common_voice_en_42095418.mp3	0a66a325df9c05a2c2ae4fc25825b69f5ab5498d8f9e94ed0ad7a01af0645956	I believe that compassion and empathy are crucial in fostering healthy relationships.		2	0		do_not_wish_to_say	United States English		en	
837c92eb9afbba43aa9aee48dea43d776152925c44e3d79af69a547d8b821bcd0869d5161474495891ead33047ff52866f56f24e9caafc18bf95cf2ac6b3e62a	common_voice_en_42095438.mp3	f6894cbade9040c7727ba5501e61528835961727b23d8cb404dc2f79286c5190	The stars in Carina have also been found to be metal-poor.		2	0		do_not_wish_to_say	United States English		en	
837c92eb9afbba43aa9aee48dea43d776152925c44e3d79af69a547d8b821bcd0869d5161474495891ead33047ff52866f56f24e9caafc18bf95cf2ac6b3e62a	common_voice_en_42356474.mp3	19091d27e899d24b0b14604d2bb5f52586d54fd58bcb7c87647ba170b441ae55	It seems that the evil cookies have completely replaced the lucky ones.		2	0		do_not_wish_to_say	United States English		en	
837c92eb9afbba43aa9aee48dea43d776152925c44e3d79af69a547d8b821bcd0869d5161474495891ead33047ff52866f56f24e9caafc18bf95cf2ac6b3e62a	common_voice_en_42356503.mp3	f6cffbc074a92f2ae4e233ea7efbe5f802fb115f0eb4dceeafcfc96549144800	The majority of the land of the former town is still above water.		2	0		do_not_wish_to_say	United States English		en	
a0d9cc9e4fb781c2b9bb5b70400816232767c69a85e24a37fac1d415dccd10042293f5617f5ed8c7ca0c84b94815bd985331b9ae9d20c8d580f1e070a079ee41	common_voice_en_42527824.mp3	f7da4265fd7a06e1e3d7807957905cba165dfae55c9a40304b5b646ac5a175bd	Each radial gate has a clear span.		2	0	teens		United States English		en	
a0d9cc9e4fb781c2b9bb5b70400816232767c69a85e24a37fac1d415dccd10042293f5617f5ed8c7ca0c84b94815bd985331b9ae9d20c8d580f1e070a079ee41	common_voice_en_42527894.mp3	f7d8364d8d654893a1e05b707b340a73b954652e86dd453b5a094070d5b5a882	The group then sing the bridge, and end the song repeating the chorus twice.		2	0	teens		United States English		en	
a0d9cc9e4fb781c2b9bb5b70400816232767c69a85e24a37fac1d415dccd10042293f5617f5ed8c7ca0c84b94815bd985331b9ae9d20c8d580f1e070a079ee41	common_voice_en_42527906.mp3	f7d0344e4ef12648fc44dbb246fb560a81b1070afbcb66a6f44a5cdc9a14108a	He built the first house there.		2	0	teens		United States English		en	
a0d9cc9e4fb781c2b9bb5b70400816232767c69a85e24a37fac1d415dccd10042293f5617f5ed8c7ca0c84b94815bd985331b9ae9d20c8d580f1e070a079ee41	common_voice_en_42527991.mp3	f7ca8ea0d3e363248a1997e00cffa7f7ee8939a812b821bae2c0daa69c0fd5eb	She also portrayed forensic pathologist Amy Short in the Francis Xavier thriller Poe.		2	0	teens		United States English		en	
43f9ea590d441fa1cffa4852603cf48f4d3d339b321f3923f1d2df708b1f1f6fe04564e78b2f5831bd86ddf5d2dc250aed01b589126902d75d11702399587184	common_voice_en_41921340.mp3	f5817b31187565ac222eb4e2d65b7d9ef7096f8b8a22023d5d7ecb41e6b80494	The filming was done with a professional crew.		3	0	twenties	female_feminine	United States English,Filipino		en	
43f9ea590d441fa1cffa4852603cf48f4d3d339b321f3923f1d2df708b1f1f6fe04564e78b2f5831bd86ddf5d2dc250aed01b589126902d75d11702399587184	common_voice_en_41921355.mp3	f591dc85f361acbb393c79057bbb4d91ed3b41624ac9ff333c46674e9095b1ae	The cutouts in white plaster make the facade look like lace.		3	0	twenties	female_feminine	United States English,Filipino		en	
43f9ea590d441fa1cffa4852603cf48f4d3d339b321f3923f1d2df708b1f1f6fe04564e78b2f5831bd86ddf5d2dc250aed01b589126902d75d11702399587184	common_voice_en_41921376.mp3	f5bfec62b6cc79ec624a668dd67efcef0446ebeacb8f1b5d173d799c92d7ab49	Walsh was born in Melbourne.		3	0	twenties	female_feminine	United States English,Filipino		en	
43f9ea590d441fa1cffa4852603cf48f4d3d339b321f3923f1d2df708b1f1f6fe04564e78b2f5831bd86ddf5d2dc250aed01b589126902d75d11702399587184	common_voice_en_41921406.mp3	f5997ffbe486fa766c341e62fd2765be3ef5c202b5deee272c697c409d009978	Lawrence directed his first music videos for the San Jose band, A Western Front.		3	0	twenties	female_feminine	United States English,Filipino		en	
43f9ea590d441fa1cffa4852603cf48f4d3d339b321f3923f1d2df708b1f1f6fe04564e78b2f5831bd86ddf5d2dc250aed01b589126902d75d11702399587184	common_voice_en_41921421.mp3	f5b40e93879e5916a53de9443c2c2957fcc18abe08f1715ce97a63151606e36e	She is married to Mathieu Sweeney.		3	0	twenties	female_feminine	United States English,Filipino		en	
546831df9beaebff805aeed00791f6fc602d401cf9ca17645a59343842a5f74f2711e87a8f5a69b976c9be23784ee6f76c9379c284e97aa313a94738984e46ef	common_voice_en_41942247.mp3	f5fa9fa7f59138df43bb64230391abbc915c9b3993dc3fbb8ab7aebca0855597	Union Iron works built a number of ships for the United States Navy.		3	0	twenties	do_not_wish_to_say	Lithuanian,Non-native		en	
546831df9beaebff805aeed00791f6fc602d401cf9ca17645a59343842a5f74f2711e87a8f5a69b976c9be23784ee6f76c9379c284e97aa313a94738984e46ef	common_voice_en_41942339.mp3	f5eeb141b5ee0401f4324fcf96a59723b36dc526da747295b55fc040f7da51c3	Currently, it also houses the American Airpower Museum.		3	0	twenties	do_not_wish_to_say	Lithuanian,Non-native		en	
546831df9beaebff805aeed00791f6fc602d401cf9ca17645a59343842a5f74f2711e87a8f5a69b976c9be23784ee6f76c9379c284e97aa313a94738984e46ef	common_voice_en_41942375.mp3	f5f4d51d6494e03440b89d3d4a096c32c861fecf9dc663661f3fdb17248744c1	It can be seen from the latitude of Alexandria or Mobile, Alabama and southward.		3	0	twenties	do_not_wish_to_say	Lithuanian,Non-native		en	
546831df9beaebff805aeed00791f6fc602d401cf9ca17645a59343842a5f74f2711e87a8f5a69b976c9be23784ee6f76c9379c284e97aa313a94738984e46ef	common_voice_en_41942416.mp3	f5fa9074bff19cdedd01fdb103caeb29ef0f2bfe14679efbd2652ec5a6633bce	Kirk refuses, and the landing party is held hostage.		3	0	twenties	do_not_wish_to_say	Lithuanian,Non-native		en	
546831df9beaebff805aeed00791f6fc602d401cf9ca17645a59343842a5f74f2711e87a8f5a69b976c9be23784ee6f76c9379c284e97aa313a94738984e46ef	common_voice_en_41949226.mp3	f5c6e743b88f84fcbd2ea8056bfca6d32e60517c6a3468d5cc9fd07bac1d0b8b	He re-signed with the Cubs on another minor league contract the next day.		3	0	twenties	do_not_wish_to_say	Lithuanian,Non-native		en	
1b76f206114e1dcd3b9c6c7b158431294bd75c7fbffe826e011da957b1840216fa563c588340a9ce570cb834932186d050a8ce9eccff574aa949be99ef5f9bc1	common_voice_en_41984164.mp3	f6277bfc48eff7b11c76adb62878b54e07f92be65b3be8e69216ac5658b584e2	Follow-up tests can include painful biopsies which can result in excessive bleeding and infection.		2	0	thirties	male_masculine	British English / Received Pronunciation (RP)		en	
1b76f206114e1dcd3b9c6c7b158431294bd75c7fbffe826e011da957b1840216fa563c588340a9ce570cb834932186d050a8ce9eccff574aa949be99ef5f9bc1	common_voice_en_41984166.mp3	f642c45cf67587fd531935a8371cd6b9d407e311281bc54a6886b324a9413145	He won the College Football National Championship with the Florida State University Seminoles.		2	0	thirties	male_masculine	British English / Received Pronunciation (RP)		en	
1b76f206114e1dcd3b9c6c7b158431294bd75c7fbffe826e011da957b1840216fa563c588340a9ce570cb834932186d050a8ce9eccff574aa949be99ef5f9bc1	common_voice_en_41984174.mp3	f647af3d7985f2a622668af2bdd3b6130a1434845d8d06b3b3f4a418edbb91ce	This was witnessed by a large number of persons and sworn to on affidavit.		2	0	thirties	male_masculine	British English / Received Pronunciation (RP)		en	
1b76f206114e1dcd3b9c6c7b158431294bd75c7fbffe826e011da957b1840216fa563c588340a9ce570cb834932186d050a8ce9eccff574aa949be99ef5f9bc1	common_voice_en_41984175.mp3	f6372f4f36a79d6579c8309117d332bd47a2bf883decdfecdf8961c93744d2ed	Less creative tactics were used on a third prospective challenger.		2	0	thirties	male_masculine	British English / Received Pronunciation (RP)		en	
1b76f206114e1dcd3b9c6c7b158431294bd75c7fbffe826e011da957b1840216fa563c588340a9ce570cb834932186d050a8ce9eccff574aa949be99ef5f9bc1	common_voice_en_41984176.mp3	f64a4a69e061165b22319084adbd17c4142acee74abd6c414cf2269ecfe3aaf0	The Rogers County Sheriff's Office temporarily took over policing duties.		2	0	thirties	male_masculine	British English / Received Pronunciation (RP)		en	
1b76f206114e1dcd3b9c6c7b158431294bd75c7fbffe826e011da957b1840216fa563c588340a9ce570cb834932186d050a8ce9eccff574aa949be99ef5f9bc1	common_voice_en_41984186.mp3	f64a64468fac4564b92b09bdf0c012c9c1ba49f893c10dde3fc8e6cc69916e5c	Narda Ravanna was born in Boston, Massachusetts.		2	0	thirties	male_masculine	British English / Received Pronunciation (RP)		en	
057a083b43c6bffb19594cf7dd2b9ab2fe43730db03b67f24a445a472bcd2b59499f2bf2fa184cdaada04e592a29818291dee8f4ea86fe856d496c0823c16453	common_voice_en_42479042.mp3	f776686edb85437ea50da0514ce768f837ebfb84936bbf1d64f406b096de69c6	Many listeners were excited by the raunchy, earthy sounds of their growls and mutes.		2	0	teens	female_feminine	United States English		en	
057a083b43c6bffb19594cf7dd2b9ab2fe43730db03b67f24a445a472bcd2b59499f2bf2fa184cdaada04e592a29818291dee8f4ea86fe856d496c0823c16453	common_voice_en_42479115.mp3	f768045ff1abf8e5df5ab2e4d2c9c3f9a8029b2c7e27c750f1618ba281a21b44	Are you a reddit user?	technology_robotics	2	0	teens	female_feminine	United States English		en	
057a083b43c6bffb19594cf7dd2b9ab2fe43730db03b67f24a445a472bcd2b59499f2bf2fa184cdaada04e592a29818291dee8f4ea86fe856d496c0823c16453	common_voice_en_42479117.mp3	f77a2a02bc3f0d5d47d1e25ccefe13779eece6bad8ac89c8c6687aca98d3b607	The user terminals were manufactured by Samsung.		2	0	teens	female_feminine	United States English		en	
057a083b43c6bffb19594cf7dd2b9ab2fe43730db03b67f24a445a472bcd2b59499f2bf2fa184cdaada04e592a29818291dee8f4ea86fe856d496c0823c16453	common_voice_en_42479121.mp3	f76340117d41c14aa649d4adc0c82f37f9420698ebbc49cd3c48a67ff7af8967	Now in fire we may consider three things.		2	0	teens	female_feminine	United States English		en	
057a083b43c6bffb19594cf7dd2b9ab2fe43730db03b67f24a445a472bcd2b59499f2bf2fa184cdaada04e592a29818291dee8f4ea86fe856d496c0823c16453	common_voice_en_42498922.mp3	f7a4a76098697b2639962b7a437abe8be6ae4c8aba11ff4d20a6043893033091	Here the best ideas come to me.		2	0	teens	female_feminine	United States English		en	
057a083b43c6bffb19594cf7dd2b9ab2fe43730db03b67f24a445a472bcd2b59499f2bf2fa184cdaada04e592a29818291dee8f4ea86fe856d496c0823c16453	common_voice_en_42498924.mp3	f7a35bb039b17004651b5fd179793a0927b7322c3b4939de46cd119a3911086b	Initially, the school was located in Good Hope, Georgia.		2	0	teens	female_feminine	United States English		en	
057a083b43c6bffb19594cf7dd2b9ab2fe43730db03b67f24a445a472bcd2b59499f2bf2fa184cdaada04e592a29818291dee8f4ea86fe856d496c0823c16453	common_voice_en_42498928.mp3	f793577e2b77550a68281256f1ef3ecfdb476f0328070fdba146304be78910f0	During the war years, the house was occupied by soldiers.		2	0	teens	female_feminine	United States English		en	
7bd0b36bdb53f5db6aff70dfcc1035645e473ed6a45cce3432b377e981a0762e550b8ad43bd7c8a8d2f05c3f56e512511b29cdd94896082f662459d934c846d2	common_voice_en_41971291.mp3	f60ca2e9714f00524f5efae6e28df81deb7f75e2c4b620d7dae86f23c6b75c56	The seat of the municipality is the town of Paramythia.		2	0	thirties		United States English		en	
7bd0b36bdb53f5db6aff70dfcc1035645e473ed6a45cce3432b377e981a0762e550b8ad43bd7c8a8d2f05c3f56e512511b29cdd94896082f662459d934c846d2	common_voice_en_41971323.mp3	f611a43646affef0cc27cbc15c7d6e686a70cff174bea33d80ef114329947217	Some species, hybrids and cultivars of verbena are used as ornamental plants.		2	0	thirties		United States English		en	
7bd0b36bdb53f5db6aff70dfcc1035645e473ed6a45cce3432b377e981a0762e550b8ad43bd7c8a8d2f05c3f56e512511b29cdd94896082f662459d934c846d2	common_voice_en_41971437.mp3	f5faada8974821e5b69df174355bbc5549fe572ffbd3bf26799f6578de1a9428	Hart's niece Natalya is a professional wrestler.		2	0	thirties		United States English		en	
7bd0b36bdb53f5db6aff70dfcc1035645e473ed6a45cce3432b377e981a0762e550b8ad43bd7c8a8d2f05c3f56e512511b29cdd94896082f662459d934c846d2	common_voice_en_41971694.mp3	f613c03afe2a7a434cf160a54718da958653632baf71462d1ec8465927a847ad	Chishmy is the nearest rural locality.		2	0	thirties		United States English		en	
7bd0b36bdb53f5db6aff70dfcc1035645e473ed6a45cce3432b377e981a0762e550b8ad43bd7c8a8d2f05c3f56e512511b29cdd94896082f662459d934c846d2	common_voice_en_41971697.mp3	f635d6e6fa9f490fa2fbbf85a6d281e22fc9ad24d348cd56da859e25dc1f79a4	Unlike his contemporaries, Cunningham would also routinely confirm his identifications through field surveys.		2	0	thirties		United States English		en	
7bd0b36bdb53f5db6aff70dfcc1035645e473ed6a45cce3432b377e981a0762e550b8ad43bd7c8a8d2f05c3f56e512511b29cdd94896082f662459d934c846d2	common_voice_en_41971750.mp3	f61337ae89e516d315f1ee3eb5dad7ba85a4e7c4110c6c0bd1ece008c754f839	Rosen shared an apartment for five years with Stella member Michael Showalter.		2	0	thirties		United States English		en	
7bd0b36bdb53f5db6aff70dfcc1035645e473ed6a45cce3432b377e981a0762e550b8ad43bd7c8a8d2f05c3f56e512511b29cdd94896082f662459d934c846d2	common_voice_en_41971778.mp3	f61f2f25da7b1e0f50386d67ca1664abb9599039e63b22c2a028bc77d6639e88	Every year since then the vote has been won by O Holy Night.		2	0	thirties		United States English		en	
7bd0b36bdb53f5db6aff70dfcc1035645e473ed6a45cce3432b377e981a0762e550b8ad43bd7c8a8d2f05c3f56e512511b29cdd94896082f662459d934c846d2	common_voice_en_41971860.mp3	f620b052ef396b378155cdda121551ea5c1b1fe81b3093e32a76b84ed60ca175	This estate was roughly two-thirds of the modern suburb of East Ryde.		2	0	thirties		United States English		en	
7bd0b36bdb53f5db6aff70dfcc1035645e473ed6a45cce3432b377e981a0762e550b8ad43bd7c8a8d2f05c3f56e512511b29cdd94896082f662459d934c846d2	common_voice_en_41971869.mp3	f636f16b405d46b0c5e1614366c02786be308da5c6f8a666f6cfc5a66f302ad2	He was promoted to head coach after Steinar Nilsen was dismissed.		2	0	thirties		United States English		en	
d5e3abe4e1ca1d1f9f225934281dab8a562d0497457961569339e8b960dd6b8a3102ffedb2fa1a1a6077809d242c373fd793fee4412ddaa77696f6e218a4dcba	common_voice_en_42067967.mp3	f68d6333d2a92a0da3fb9e7e2e27b0d252d87911227fcfda3905de736161249e	Eventually a sodium leak resulted in a fire, and the facility was shut down.		2	0	sixties	female_feminine	United States English		en	
d5e3abe4e1ca1d1f9f225934281dab8a562d0497457961569339e8b960dd6b8a3102ffedb2fa1a1a6077809d242c373fd793fee4412ddaa77696f6e218a4dcba	common_voice_en_42123899.mp3	10140a2ae815216aa406ab535d1e3986ebfdd191c0f6976a774fbfeb7ec30eba	I leave my necklaces, bracelets, and earrings to Louise Smith.		2	0	sixties	female_feminine	United States English		en	
d5e3abe4e1ca1d1f9f225934281dab8a562d0497457961569339e8b960dd6b8a3102ffedb2fa1a1a6077809d242c373fd793fee4412ddaa77696f6e218a4dcba	common_voice_en_42123909.mp3	0ed3a4875f1e27f577876c875f6997bcf2f70025076e480ccedd86529ba2406e	Weather forecasting is another critical aspect of sailing yacht management.		2	0	sixties	female_feminine	United States English		en	
d5e3abe4e1ca1d1f9f225934281dab8a562d0497457961569339e8b960dd6b8a3102ffedb2fa1a1a6077809d242c373fd793fee4412ddaa77696f6e218a4dcba	common_voice_en_42123922.mp3	0e23324da23ab388a5ddba6b04b33f35b2a966b55c1a2d475c5f9f46a71497e3	Being an office-based translator comes with its own set of advantages and disadvantages.		2	0	sixties	female_feminine	United States English		en	
d5e3abe4e1ca1d1f9f225934281dab8a562d0497457961569339e8b960dd6b8a3102ffedb2fa1a1a6077809d242c373fd793fee4412ddaa77696f6e218a4dcba	common_voice_en_42124330.mp3	0f2ab30d7d469b0a86e73f627dba28c7b11baab6a78b802a835284618fa9f938	Neither the father nor the son attended the meeting.		2	0	sixties	female_feminine	United States English		en	
d5e3abe4e1ca1d1f9f225934281dab8a562d0497457961569339e8b960dd6b8a3102ffedb2fa1a1a6077809d242c373fd793fee4412ddaa77696f6e218a4dcba	common_voice_en_42145746.mp3	159a32151f2d629e5afc3c7bb5a1b52f6595ecd3473235ed6876e7b9913783ca	The first step in this chain might be watermarking.	technology_robotics	2	0	sixties	female_feminine	United States English		en	
d5e3abe4e1ca1d1f9f225934281dab8a562d0497457961569339e8b960dd6b8a3102ffedb2fa1a1a6077809d242c373fd793fee4412ddaa77696f6e218a4dcba	common_voice_en_42145770.mp3	f68ffe6e394f866408edaee3a27e501815e2afe2154932434355f977a2d9ca5a	He was considered a relatively liberal supporter of a constitutional monarchy.		2	0	sixties	female_feminine	United States English		en	
d5e3abe4e1ca1d1f9f225934281dab8a562d0497457961569339e8b960dd6b8a3102ffedb2fa1a1a6077809d242c373fd793fee4412ddaa77696f6e218a4dcba	common_voice_en_42145861.mp3	0d3d0e0ceb192d1320931a3ebfe41665c23853fbceef48271900f033887c984a	Once the plan is finalized, the implementation phase begins.		2	0	sixties	female_feminine	United States English		en	
d5e3abe4e1ca1d1f9f225934281dab8a562d0497457961569339e8b960dd6b8a3102ffedb2fa1a1a6077809d242c373fd793fee4412ddaa77696f6e218a4dcba	common_voice_en_42160853.mp3	15aa5d2d7aa9764de03ff715104a7281a8202d792d43e5e40d8d6d88bf63b0d4	You may have less control over your schedule, projects, and client interactions.		2	0	sixties	female_feminine	United States English		en	
d5e3abe4e1ca1d1f9f225934281dab8a562d0497457961569339e8b960dd6b8a3102ffedb2fa1a1a6077809d242c373fd793fee4412ddaa77696f6e218a4dcba	common_voice_en_42358814.mp3	f6ff6886dc540ce03c7f5df2a738d5ccd4f3da73410e701b17f5a7c664c1d0eb	He then started to study Business administration but broke off after a few semesters.		2	0	sixties	female_feminine	United States English		en	
d5e3abe4e1ca1d1f9f225934281dab8a562d0497457961569339e8b960dd6b8a3102ffedb2fa1a1a6077809d242c373fd793fee4412ddaa77696f6e218a4dcba	common_voice_en_42358911.mp3	f6f8a83e9c110626a8566cbc26d89dcf277bf553d9bf32c1d689654454fdb095	One such attempt is based on info-gap decision theory.		2	0	sixties	female_feminine	United States English		en	
d5e3abe4e1ca1d1f9f225934281dab8a562d0497457961569339e8b960dd6b8a3102ffedb2fa1a1a6077809d242c373fd793fee4412ddaa77696f6e218a4dcba	common_voice_en_42358923.mp3	f6cf3d391534ac8052bc11083158dcf7f3436634cfdb434507401ed71393e913	About fifteen species are known in the genus.		2	0	sixties	female_feminine	United States English		en	
d5e3abe4e1ca1d1f9f225934281dab8a562d0497457961569339e8b960dd6b8a3102ffedb2fa1a1a6077809d242c373fd793fee4412ddaa77696f6e218a4dcba	common_voice_en_42387424.mp3	f70d3526df7816c59c8218febd9487eeca58005c7f0795c6bc8ee0733627a444	It is often windy at the peak, due to the lack of trees.		2	0	sixties	female_feminine	United States English		en	
d5e3abe4e1ca1d1f9f225934281dab8a562d0497457961569339e8b960dd6b8a3102ffedb2fa1a1a6077809d242c373fd793fee4412ddaa77696f6e218a4dcba	common_voice_en_42387426.mp3	f70b6ddb667ececc8fd5657b67cae00991d870044973f72fe06d512ccf4cd97c	He attended La Mirada High School.		2	0	sixties	female_feminine	United States English		en	
d5e3abe4e1ca1d1f9f225934281dab8a562d0497457961569339e8b960dd6b8a3102ffedb2fa1a1a6077809d242c373fd793fee4412ddaa77696f6e218a4dcba	common_voice_en_42387486.mp3	f7050c057d484dcc0bb9026ef52c1ba65b2316081594de50bbaff67450df88d4	The effect became a favourite.		2	0	sixties	female_feminine	United States English		en	
d5e3abe4e1ca1d1f9f225934281dab8a562d0497457961569339e8b960dd6b8a3102ffedb2fa1a1a6077809d242c373fd793fee4412ddaa77696f6e218a4dcba	common_voice_en_42387497.mp3	f70a4991b1202201d7c650fb1c5859a53895c421c21960ee0ba8953e77251409	Otherwise, rooms may be numbered in some kind of a rational scheme.		2	0	sixties	female_feminine	United States English		en	
d5e3abe4e1ca1d1f9f225934281dab8a562d0497457961569339e8b960dd6b8a3102ffedb2fa1a1a6077809d242c373fd793fee4412ddaa77696f6e218a4dcba	common_voice_en_42387498.mp3	f6df51231641f3b057f618ce96248792a445939f355355e691034aceefd54255	You can find the source code here.		2	0	sixties	female_feminine	United States English		en	
d5e3abe4e1ca1d1f9f225934281dab8a562d0497457961569339e8b960dd6b8a3102ffedb2fa1a1a6077809d242c373fd793fee4412ddaa77696f6e218a4dcba	common_voice_en_42387510.mp3	f715f29123158533fb2c745666fa739e3c00209c6c78887626252ad4250d662d	Typically it encloses a metal grommet for reinforcement and to reduce wear.		2	0	sixties	female_feminine	United States English		en	
d5e3abe4e1ca1d1f9f225934281dab8a562d0497457961569339e8b960dd6b8a3102ffedb2fa1a1a6077809d242c373fd793fee4412ddaa77696f6e218a4dcba	common_voice_en_42387511.mp3	f6e98e7fd9a883ee6004f3841b2d8f37e7869a72667146a286b2d08bf5a7f459	Douglas-Hamilton was also involved in countering the German task force operating near Ceylon.		2	0	sixties	female_feminine	United States English		en	
d5e3abe4e1ca1d1f9f225934281dab8a562d0497457961569339e8b960dd6b8a3102ffedb2fa1a1a6077809d242c373fd793fee4412ddaa77696f6e218a4dcba	common_voice_en_42387512.mp3	f711ec75601422a74e99b2862a9aecf684565fb9e5da0bff79ca3ef3b21e7189	The town is surrounded by a mud wall and ditch.		2	0	sixties	female_feminine	United States English		en	
d5e3abe4e1ca1d1f9f225934281dab8a562d0497457961569339e8b960dd6b8a3102ffedb2fa1a1a6077809d242c373fd793fee4412ddaa77696f6e218a4dcba	common_voice_en_42387523.mp3	f71545a0bf46e68aef9e3cad532af82187123bcea6806ebd7bf20a6e5d2929c9	There are a variety of diesel particulate filter technologies on the market.		2	0	sixties	female_feminine	United States English		en	
d5e3abe4e1ca1d1f9f225934281dab8a562d0497457961569339e8b960dd6b8a3102ffedb2fa1a1a6077809d242c373fd793fee4412ddaa77696f6e218a4dcba	common_voice_en_42387569.mp3	f7168fed8c57a34aea40cec36deb9ee0ee0c09d4c08b11b62e67663bd9a7f96e	Surprisingly, he decided otherwise, choosing to meet Constantine in open battle.		2	0	sixties	female_feminine	United States English		en	
d5e3abe4e1ca1d1f9f225934281dab8a562d0497457961569339e8b960dd6b8a3102ffedb2fa1a1a6077809d242c373fd793fee4412ddaa77696f6e218a4dcba	common_voice_en_42387598.mp3	f6f7cd21724135333b29ddf27175afdf7d35a2f9afeafac59b94073ab5b179e4	The two dated and went to State college together.		2	0	sixties	female_feminine	United States English		en	
d5e3abe4e1ca1d1f9f225934281dab8a562d0497457961569339e8b960dd6b8a3102ffedb2fa1a1a6077809d242c373fd793fee4412ddaa77696f6e218a4dcba	common_voice_en_42387606.mp3	f6f1159c2f76a5fc70bbb76d46397ec5e0e7a3e5ba54f490dc0d9b4ba499f278	At times the experience is uncanny.		2	0	sixties	female_feminine	United States English		en	
d5e3abe4e1ca1d1f9f225934281dab8a562d0497457961569339e8b960dd6b8a3102ffedb2fa1a1a6077809d242c373fd793fee4412ddaa77696f6e218a4dcba	common_voice_en_42401091.mp3	f71dc4ecf85d480f970f6c9bf1a65afe54c829ce5e5254510c6d5cc2973d6757	Norris fought twice more after losing his title.		2	0	sixties	female_feminine	United States English		en	
d5e3abe4e1ca1d1f9f225934281dab8a562d0497457961569339e8b960dd6b8a3102ffedb2fa1a1a6077809d242c373fd793fee4412ddaa77696f6e218a4dcba	common_voice_en_42401105.mp3	f6ff84b7856628dd38dfd151044b180b7a438725b1943b0ee2304853eaaa9952	Petty suggested that he call Donovan, which he did.		2	0	sixties	female_feminine	United States English		en	
d5e3abe4e1ca1d1f9f225934281dab8a562d0497457961569339e8b960dd6b8a3102ffedb2fa1a1a6077809d242c373fd793fee4412ddaa77696f6e218a4dcba	common_voice_en_42401155.mp3	f712b13a7a50bfe29603c1c5e719d95fd606205c2770fe6256c843ac3a2ee664	Longo is the head instructor.		2	0	sixties	female_feminine	United States English		en	
d5e3abe4e1ca1d1f9f225934281dab8a562d0497457961569339e8b960dd6b8a3102ffedb2fa1a1a6077809d242c373fd793fee4412ddaa77696f6e218a4dcba	common_voice_en_42428061.mp3	f737d5aa4eefaf24fbc5073fe5bc6259077c443d7718928bb43fca8b0d87b1c3	The fate of the six Crecy engines remains unknown.		2	0	sixties	female_feminine	United States English		en	
b87dd0680063cbd3dc57f5b9b20c14f020f511c3f18467d52e816db909dbe2be05b8ea36a4bca91179503817a1b093a9e6036abb514c6ad1aaf1ffa71b3d32ce	common_voice_en_42037987.mp3	f6781c82f837d958caaf27247fced262ecbf815be193782a6ebeb2b0ce1fedd8	Traction control was also added.		2	0	thirties	male_masculine	Canadian English		en	
b87dd0680063cbd3dc57f5b9b20c14f020f511c3f18467d52e816db909dbe2be05b8ea36a4bca91179503817a1b093a9e6036abb514c6ad1aaf1ffa71b3d32ce	common_voice_en_42037995.mp3	f651c01bdff4c79fdfd0358d47d7cbc06f35b2c88ef32dab34eb5a5dd9722d78	Famously, he once said of such an unclear paper: It is not even wrong!		2	0	thirties	male_masculine	Canadian English		en	
b87dd0680063cbd3dc57f5b9b20c14f020f511c3f18467d52e816db909dbe2be05b8ea36a4bca91179503817a1b093a9e6036abb514c6ad1aaf1ffa71b3d32ce	common_voice_en_42038020.mp3	f6782d873594b6fdb2c27eef2abdbca30dd0313937185adee88286e42766b4f6	Today many are attracted to its folk music aspect.		2	0	thirties	male_masculine	Canadian English		en	
b87dd0680063cbd3dc57f5b9b20c14f020f511c3f18467d52e816db909dbe2be05b8ea36a4bca91179503817a1b093a9e6036abb514c6ad1aaf1ffa71b3d32ce	common_voice_en_42041475.mp3	f66029fa0e599bfde8484680d3619d06355d386f826689d36d5b6a3f8671801e	The primary reason was pressure to use non-lead bullets.		2	0	thirties	male_masculine	Canadian English		en	
b87dd0680063cbd3dc57f5b9b20c14f020f511c3f18467d52e816db909dbe2be05b8ea36a4bca91179503817a1b093a9e6036abb514c6ad1aaf1ffa71b3d32ce	common_voice_en_42056178.mp3	f67676050af64abb34d24a3117054181c5f69321d0585a2473eb1759b20acfb8	The last child was also a boy, fair and bonny.		2	0	thirties	male_masculine	Canadian English		en	
b87dd0680063cbd3dc57f5b9b20c14f020f511c3f18467d52e816db909dbe2be05b8ea36a4bca91179503817a1b093a9e6036abb514c6ad1aaf1ffa71b3d32ce	common_voice_en_42056179.mp3	f67f3fb281622e6726f139fea7dff0c10b31a86ae3b0fb63e0ed18339e2a79b3	Tagline: At Last!		2	0	thirties	male_masculine	Canadian English		en	
b87dd0680063cbd3dc57f5b9b20c14f020f511c3f18467d52e816db909dbe2be05b8ea36a4bca91179503817a1b093a9e6036abb514c6ad1aaf1ffa71b3d32ce	common_voice_en_42056186.mp3	f685fab4a92ec24651d1d435cdab965565474f5b0341cd8c92f69a980103993e	The ruler of Thaumiel is Satan.		2	0	thirties	male_masculine	Canadian English		en	
b87dd0680063cbd3dc57f5b9b20c14f020f511c3f18467d52e816db909dbe2be05b8ea36a4bca91179503817a1b093a9e6036abb514c6ad1aaf1ffa71b3d32ce	common_voice_en_42056200.mp3	f6877e9a87e1d1cee77c026e214c493d865122aad5d2fdaef8be67947a98ec96	During the game, Downie got into a scuffle with Maple Leafs forward Jason Blake.		2	0	thirties	male_masculine	Canadian English		en	
b87dd0680063cbd3dc57f5b9b20c14f020f511c3f18467d52e816db909dbe2be05b8ea36a4bca91179503817a1b093a9e6036abb514c6ad1aaf1ffa71b3d32ce	common_voice_en_42056243.mp3	f68a2a0ec3290af31099c7c19847c810e56dba5cafa5939896aa6dc5d20df16f	The shipbuilding industry tends to be more fragmented in Europe than in Asia.		2	0	thirties	male_masculine	Canadian English		en	
b87dd0680063cbd3dc57f5b9b20c14f020f511c3f18467d52e816db909dbe2be05b8ea36a4bca91179503817a1b093a9e6036abb514c6ad1aaf1ffa71b3d32ce	common_voice_en_42056288.mp3	f6752a43c46fb4e0e2ca3499f33f70aa94030518ae7314787cb409a525d18549	Bartram grew up in Scotland, Northern Ireland, and West Africa.		2	0	thirties	male_masculine	Canadian English		en	
b87dd0680063cbd3dc57f5b9b20c14f020f511c3f18467d52e816db909dbe2be05b8ea36a4bca91179503817a1b093a9e6036abb514c6ad1aaf1ffa71b3d32ce	common_voice_en_42116383.mp3	0f1338082d6be5c383fa86b58102e0e35d89383f1cf460fd7ea5c44102cdffd3	From that day on, Jack was no longer just the handyman of Willow Creek.		2	0	thirties	male_masculine	Canadian English		en	
b87dd0680063cbd3dc57f5b9b20c14f020f511c3f18467d52e816db909dbe2be05b8ea36a4bca91179503817a1b093a9e6036abb514c6ad1aaf1ffa71b3d32ce	common_voice_en_42164700.mp3	169b12f317c4ddb7afd6b4965b5bee03edb38fb85aaa605a6ff758979f6f38c7	Learning Russian can be both challenging and rewarding.		2	0	thirties	male_masculine	Canadian English		en	
b87dd0680063cbd3dc57f5b9b20c14f020f511c3f18467d52e816db909dbe2be05b8ea36a4bca91179503817a1b093a9e6036abb514c6ad1aaf1ffa71b3d32ce	common_voice_en_42238557.mp3	f6b0bacdec4ecc0da8f2b361376dd2b35ba072c8fa2368154ba6b03ff84d6512	The current mayor of Protivin is Michael Lensing.		2	0	thirties	male_masculine	Canadian English		en	
b87dd0680063cbd3dc57f5b9b20c14f020f511c3f18467d52e816db909dbe2be05b8ea36a4bca91179503817a1b093a9e6036abb514c6ad1aaf1ffa71b3d32ce	common_voice_en_42238649.mp3	f6bc8cb36c2ed81160015774ffe125c9cdb475544728091c11dadfe5e5e21e66	There was also media speculation about Chernin's having a role in Yahoo!		2	0	thirties	male_masculine	Canadian English		en	
b87dd0680063cbd3dc57f5b9b20c14f020f511c3f18467d52e816db909dbe2be05b8ea36a4bca91179503817a1b093a9e6036abb514c6ad1aaf1ffa71b3d32ce	common_voice_en_42238716.mp3	f6a6542afdeabc24ae305150f260f03291d3451b0cbcaab92cf23b9584317a25	Esplen is part of Pittsburgh and is in the Pittsburgh City School district.		2	0	thirties	male_masculine	Canadian English		en	
b87dd0680063cbd3dc57f5b9b20c14f020f511c3f18467d52e816db909dbe2be05b8ea36a4bca91179503817a1b093a9e6036abb514c6ad1aaf1ffa71b3d32ce	common_voice_en_42238749.mp3	f6b67528bd4b2584ac150d4517c86bca7af2853ac5b0ceb882ca37db6e897b6d	An example of a safe-life component is the helicopter rotor blade.		2	0	thirties	male_masculine	Canadian English		en	
b87dd0680063cbd3dc57f5b9b20c14f020f511c3f18467d52e816db909dbe2be05b8ea36a4bca91179503817a1b093a9e6036abb514c6ad1aaf1ffa71b3d32ce	common_voice_en_42238820.mp3	f6aac731a12ab30974ebf281b8ed12762538e46b1cb6022559353c5fc9610e23	Author Hunter S. Thompson remarked he was disappointed he was not on it.		2	0	thirties	male_masculine	Canadian English		en	
b87dd0680063cbd3dc57f5b9b20c14f020f511c3f18467d52e816db909dbe2be05b8ea36a4bca91179503817a1b093a9e6036abb514c6ad1aaf1ffa71b3d32ce	common_voice_en_42312376.mp3	f6c255493af1d51020691183012d443bfc10772ef6876b2cb20f973e07469f2e	A disjunct subset of its range occurs from central Colorado to northwestern New Mexico.		2	0	thirties	male_masculine	Canadian English		en	
b87dd0680063cbd3dc57f5b9b20c14f020f511c3f18467d52e816db909dbe2be05b8ea36a4bca91179503817a1b093a9e6036abb514c6ad1aaf1ffa71b3d32ce	common_voice_en_42312550.mp3	f6b96205a777f0c6b5174ceed904cae23f974a5f62077125c863b5d20ca01399	Remains of the large tower can be seen in scraps at the Giffordtown Museum.		2	0	thirties	male_masculine	Canadian English		en	
b87dd0680063cbd3dc57f5b9b20c14f020f511c3f18467d52e816db909dbe2be05b8ea36a4bca91179503817a1b093a9e6036abb514c6ad1aaf1ffa71b3d32ce	common_voice_en_42312628.mp3	f6c85ce21fd76ffa1c887a524f0ce199a83ab6dad97bf456a669077ce4c6d9ad	The Savane River flows on the south bank of the Caldwell River.		2	0	thirties	male_masculine	Canadian English		en	
b87dd0680063cbd3dc57f5b9b20c14f020f511c3f18467d52e816db909dbe2be05b8ea36a4bca91179503817a1b093a9e6036abb514c6ad1aaf1ffa71b3d32ce	common_voice_en_42312652.mp3	f6d82d7b2beafe64f864397d955439e87c20d06faa3e52187f0da8a32fefe097	They would also drop bombs on frozen rivers to break up ice flows.		2	0	thirties	male_masculine	Canadian English		en	
b87dd0680063cbd3dc57f5b9b20c14f020f511c3f18467d52e816db909dbe2be05b8ea36a4bca91179503817a1b093a9e6036abb514c6ad1aaf1ffa71b3d32ce	common_voice_en_42312747.mp3	f6cfa439f4c611cb391ba78c79c394c52e447a79326e07f025b9b50cbad1951a	The American Reform Party is not a political party in the conventional sense.		2	0	thirties	male_masculine	Canadian English		en	
b87dd0680063cbd3dc57f5b9b20c14f020f511c3f18467d52e816db909dbe2be05b8ea36a4bca91179503817a1b093a9e6036abb514c6ad1aaf1ffa71b3d32ce	common_voice_en_42312771.mp3	f6d61ecf2ba7d98c51e61b620d2d2a7149163eeff991dff61511a296b17d1941	The name "Greyhound" is generally believed to come from the Old English "grighund".		2	0	thirties	male_masculine	Canadian English		en	
b87dd0680063cbd3dc57f5b9b20c14f020f511c3f18467d52e816db909dbe2be05b8ea36a4bca91179503817a1b093a9e6036abb514c6ad1aaf1ffa71b3d32ce	common_voice_en_42356748.mp3	f6f81fa06367bd20f1917f3e3e589908905a4ab0a0c7eb4e0eaa5b565e7309df	Aer Arann Islands is headquartered in Inverin.		2	0	thirties	male_masculine	Canadian English		en	
b87dd0680063cbd3dc57f5b9b20c14f020f511c3f18467d52e816db909dbe2be05b8ea36a4bca91179503817a1b093a9e6036abb514c6ad1aaf1ffa71b3d32ce	common_voice_en_42356785.mp3	f6d921b00cf80120e59b414ae7bd85bae963f8b4b01cbf663e405f4b991ee9ab	Seven of the songs that were performed were from "Beautiful Vision".		2	0	thirties	male_masculine	Canadian English		en	
b87dd0680063cbd3dc57f5b9b20c14f020f511c3f18467d52e816db909dbe2be05b8ea36a4bca91179503817a1b093a9e6036abb514c6ad1aaf1ffa71b3d32ce	common_voice_en_42357635.mp3	f6f1cc14b4984243f9515b24a7c7eb7410b403a4e767cd2d6bd1f633bb6396e4	Verma remains in place as its leader.		2	0	thirties	male_masculine	Canadian English		en	
b87dd0680063cbd3dc57f5b9b20c14f020f511c3f18467d52e816db909dbe2be05b8ea36a4bca91179503817a1b093a9e6036abb514c6ad1aaf1ffa71b3d32ce	common_voice_en_42357648.mp3	f6b75fdde7430cdc575f1fba64b8d596bc5ac5450a1bc2ab6d82c3fb38c450e3	His brother, Peter Reichensperger, was also active in German politics.		2	0	thirties	male_masculine	Canadian English		en	
b87dd0680063cbd3dc57f5b9b20c14f020f511c3f18467d52e816db909dbe2be05b8ea36a4bca91179503817a1b093a9e6036abb514c6ad1aaf1ffa71b3d32ce	common_voice_en_42505992.mp3	f7a815c989492b0ac98721e5e12c22a4b4cb524960df59de843022908e1f81af	Instead of favoring individuals with extreme phenotypes, it favors the intermediate variants.		2	0	thirties	male_masculine	Canadian English		en	
b87dd0680063cbd3dc57f5b9b20c14f020f511c3f18467d52e816db909dbe2be05b8ea36a4bca91179503817a1b093a9e6036abb514c6ad1aaf1ffa71b3d32ce	common_voice_en_42516884.mp3	f7d42a5016221e4a200e0930ea8d9124d456deb042a14d6fa144c884096bbfdc	During several missions, the player must make supply drops to the scientists working underground.		2	0	thirties	male_masculine	Canadian English		en	
b87dd0680063cbd3dc57f5b9b20c14f020f511c3f18467d52e816db909dbe2be05b8ea36a4bca91179503817a1b093a9e6036abb514c6ad1aaf1ffa71b3d32ce	common_voice_en_42516885.mp3	f7d34e0b5fb179edad9852941bfbf2ea2ac8cf19bbe69cba950b95b11445fc88	He attended the Downtown Community School in Manhattan's East Village.		2	0	thirties	male_masculine	Canadian English		en	
b87dd0680063cbd3dc57f5b9b20c14f020f511c3f18467d52e816db909dbe2be05b8ea36a4bca91179503817a1b093a9e6036abb514c6ad1aaf1ffa71b3d32ce	common_voice_en_42516896.mp3	f7b467d7d08591691dd62115241a4736cc7fcaa2a6f47d42e4249a883df0f98e	See spherical design.		2	0	thirties	male_masculine	Canadian English		en	
403c1ec9623855b620b043ca2ca76c02989e679e32ba27b258392b5b58382c5d906fe56dfca7f5c416bc57def7d8028826c6c8ce8606332d876484126fa1aed6	common_voice_en_41917153.mp3	f59f7035c45facab07410a56d5f159e60bace429b409eb2e011a0228dc2ea091	As players do well, the player character's composure meeting increases.		2	0			nigerian accent		en	
403c1ec9623855b620b043ca2ca76c02989e679e32ba27b258392b5b58382c5d906fe56dfca7f5c416bc57def7d8028826c6c8ce8606332d876484126fa1aed6	common_voice_en_41917154.mp3	f59e44d2fbbda252aee6a012650aac16fff6f879520c011fcddca254910fcacf	Although extinction is compared with hemispatial neglect, the two are different disorders.		2	0			nigerian accent		en	
403c1ec9623855b620b043ca2ca76c02989e679e32ba27b258392b5b58382c5d906fe56dfca7f5c416bc57def7d8028826c6c8ce8606332d876484126fa1aed6	common_voice_en_41917187.mp3	f567d0833ff57fe54cf838cccc55c0c635bb821cb56a1aea19df3486c6ac93a0	During the time he was with Miller, Hurley was one of the key soloists.		4	0	twenties	female_feminine	nigerian accent		en	
403c1ec9623855b620b043ca2ca76c02989e679e32ba27b258392b5b58382c5d906fe56dfca7f5c416bc57def7d8028826c6c8ce8606332d876484126fa1aed6	common_voice_en_41917197.mp3	f59c4e9982e93419e590a1bc71d719a08eda285a2edbe7a64bf8a110fcf45f38	Nadaswaram is referred in many ancient Tamil texts.		2	0	twenties	female_feminine	nigerian accent		en	
403c1ec9623855b620b043ca2ca76c02989e679e32ba27b258392b5b58382c5d906fe56dfca7f5c416bc57def7d8028826c6c8ce8606332d876484126fa1aed6	common_voice_en_41917205.mp3	f57c055dd41e53d6c67abd4708abb1b8f7d04ba39e3a00669ff55fd8ac4b20a2	With that task accomplished he felt he could retire at a high point.		2	0	twenties	female_feminine	nigerian accent		en	
403c1ec9623855b620b043ca2ca76c02989e679e32ba27b258392b5b58382c5d906fe56dfca7f5c416bc57def7d8028826c6c8ce8606332d876484126fa1aed6	common_voice_en_41917228.mp3	f5a650f318d528afd041bca0fa4e7dc1a3bdda0d2314ab45ac23135b1d6f3cae	Harrison co-produced the recording with percussionist Ray Cooper.		2	0	twenties	female_feminine	nigerian accent		en	
403c1ec9623855b620b043ca2ca76c02989e679e32ba27b258392b5b58382c5d906fe56dfca7f5c416bc57def7d8028826c6c8ce8606332d876484126fa1aed6	common_voice_en_41917231.mp3	f5a526c85a88cfe92727d2884b0046c478fd10087092f71118d62607340cac91	Environment variables are a facility provided by some operating systems.		2	0	twenties	female_feminine	nigerian accent		en	
403c1ec9623855b620b043ca2ca76c02989e679e32ba27b258392b5b58382c5d906fe56dfca7f5c416bc57def7d8028826c6c8ce8606332d876484126fa1aed6	common_voice_en_41917242.mp3	f5a23deacb5dd44213e4316f458e90c90cb12d3b1c59f3fa4fa771aec15ef9bd	The nesting season for these turtles is April to August.		2	0	twenties	female_feminine	nigerian accent		en	
403c1ec9623855b620b043ca2ca76c02989e679e32ba27b258392b5b58382c5d906fe56dfca7f5c416bc57def7d8028826c6c8ce8606332d876484126fa1aed6	common_voice_en_41917262.mp3	f5a91cd2a7066730b74c7926cf914920e56a3a7de1b698e2fe4af06a0211a6ad	Many highly successful television series have been known as period pieces.		2	0	twenties	female_feminine	nigerian accent		en	
403c1ec9623855b620b043ca2ca76c02989e679e32ba27b258392b5b58382c5d906fe56dfca7f5c416bc57def7d8028826c6c8ce8606332d876484126fa1aed6	common_voice_en_41917265.mp3	f5af1ae63bc5f257b301e52be93a70e81dc5bafdc69438132f9aa2251a45c61c	Weekes' career began with the Owen Sound Platers of the Ontario Hockey League.		2	0	twenties	female_feminine	nigerian accent		en	
403c1ec9623855b620b043ca2ca76c02989e679e32ba27b258392b5b58382c5d906fe56dfca7f5c416bc57def7d8028826c6c8ce8606332d876484126fa1aed6	common_voice_en_41917266.mp3	03ed7271a877abe9e359433d7f24380929a149b3a238157cb6de350cee175d74	I try to keep it out of my posts.		2	0	twenties	female_feminine	nigerian accent		en	
403c1ec9623855b620b043ca2ca76c02989e679e32ba27b258392b5b58382c5d906fe56dfca7f5c416bc57def7d8028826c6c8ce8606332d876484126fa1aed6	common_voice_en_41917319.mp3	f5842a1379cb2cc4551d720e9314978ed08f87ff41abcf7c29ad668b0f83c2f8	The example of such use is given in the rc documentation.		2	0	twenties	female_feminine	nigerian accent		en	
403c1ec9623855b620b043ca2ca76c02989e679e32ba27b258392b5b58382c5d906fe56dfca7f5c416bc57def7d8028826c6c8ce8606332d876484126fa1aed6	common_voice_en_41917371.mp3	f5ab5fb90314cf766bc7b7b7097577958dc13edca5c23a8136408bbe86b41e9c	The seat height is slightly lower on the Custom.		2	0	twenties	female_feminine	nigerian accent		en	
403c1ec9623855b620b043ca2ca76c02989e679e32ba27b258392b5b58382c5d906fe56dfca7f5c416bc57def7d8028826c6c8ce8606332d876484126fa1aed6	common_voice_en_41917375.mp3	f5a64afebb12d745711a66a76dbea35714bb592719b14ed8cc449dfed0d8620a	The first positive result of this effort was that Venezuela regained a credit-eligibility rating.		2	0	twenties	female_feminine	nigerian accent		en	
403c1ec9623855b620b043ca2ca76c02989e679e32ba27b258392b5b58382c5d906fe56dfca7f5c416bc57def7d8028826c6c8ce8606332d876484126fa1aed6	common_voice_en_41917383.mp3	f5aeed6ebf70f039882fd46394b010a9d62a884f32f07cfac6212350146e8aa7	Chinese burial coins are typically not included in Chinese coin catalogues.		2	0	twenties	female_feminine	nigerian accent		en	
403c1ec9623855b620b043ca2ca76c02989e679e32ba27b258392b5b58382c5d906fe56dfca7f5c416bc57def7d8028826c6c8ce8606332d876484126fa1aed6	common_voice_en_41917385.mp3	f5b2777c21c5f5bd773f37c1cdcc2cabc9668a7de5467ef65f4bd5b872586a28	Sky News Ireland was broadcast from its studios in Dublin.		2	0	twenties	female_feminine	nigerian accent		en	
403c1ec9623855b620b043ca2ca76c02989e679e32ba27b258392b5b58382c5d906fe56dfca7f5c416bc57def7d8028826c6c8ce8606332d876484126fa1aed6	common_voice_en_41917391.mp3	f588214d6192e5e954dc6eeb52527ae309c41a487f726c7798bcc13197f551d8	The village itself has preserved a number of elements typical of alpine architecture.		2	0	twenties	female_feminine	nigerian accent		en	
403c1ec9623855b620b043ca2ca76c02989e679e32ba27b258392b5b58382c5d906fe56dfca7f5c416bc57def7d8028826c6c8ce8606332d876484126fa1aed6	common_voice_en_41917392.mp3	f5b99ff116fe14ab299f148628d471fb138005d9ad5f9e82c7e511857e7bafb8	In oxygen absence, the pH of the matrix drops.		2	0	twenties	female_feminine	nigerian accent		en	
403c1ec9623855b620b043ca2ca76c02989e679e32ba27b258392b5b58382c5d906fe56dfca7f5c416bc57def7d8028826c6c8ce8606332d876484126fa1aed6	common_voice_en_41917395.mp3	f5b0ae9cb00a790bc298e4e11edab45e3a6d7c1c6ef281ae3db843a9ca920f19	Towards the video's climax, the crowd cheers Carey and begin clapping and chanting praises.		2	0	twenties	female_feminine	nigerian accent		en	
403c1ec9623855b620b043ca2ca76c02989e679e32ba27b258392b5b58382c5d906fe56dfca7f5c416bc57def7d8028826c6c8ce8606332d876484126fa1aed6	common_voice_en_41917459.mp3	f5bae85ecfb73ffa2333a0f9da2bde9d3397b7b6a30281558ff9023cae8b21b2	The permanent exhibition, "With a Single Step" was designed by Matter Practice.		2	0	twenties	female_feminine	nigerian accent		en	
403c1ec9623855b620b043ca2ca76c02989e679e32ba27b258392b5b58382c5d906fe56dfca7f5c416bc57def7d8028826c6c8ce8606332d876484126fa1aed6	common_voice_en_41917462.mp3	f5aa8164a371631cc7fd65cab49f00b86c5597b1518b65879ab5f9a743541ef3	It has also been expanded to serve its purpose as a museum.		2	0	twenties	female_feminine	nigerian accent		en	
403c1ec9623855b620b043ca2ca76c02989e679e32ba27b258392b5b58382c5d906fe56dfca7f5c416bc57def7d8028826c6c8ce8606332d876484126fa1aed6	common_voice_en_41917466.mp3	f5865c2c9aa6f4700ce6a55611e92e9d22e6cadbc20b5f211c96285bde71a1df	He came from an eminent family.		2	0	twenties	female_feminine	nigerian accent		en	
403c1ec9623855b620b043ca2ca76c02989e679e32ba27b258392b5b58382c5d906fe56dfca7f5c416bc57def7d8028826c6c8ce8606332d876484126fa1aed6	common_voice_en_41917468.mp3	f5bf5ac90e7b5aa4507ceef011a92a40389f24821dab3f1b8366962a46a4aba3	They obtain the water from wells and some streams nearby.		2	0	twenties	female_feminine	nigerian accent		en	
403c1ec9623855b620b043ca2ca76c02989e679e32ba27b258392b5b58382c5d906fe56dfca7f5c416bc57def7d8028826c6c8ce8606332d876484126fa1aed6	common_voice_en_41917472.mp3	f5af93edccb610afe27458a5a0e42c6021c0fa38d7e74f83693e595ce5db7b43	The game features fifteen playable characters on launch.		2	0	twenties	female_feminine	nigerian accent		en	
403c1ec9623855b620b043ca2ca76c02989e679e32ba27b258392b5b58382c5d906fe56dfca7f5c416bc57def7d8028826c6c8ce8606332d876484126fa1aed6	common_voice_en_41917474.mp3	07f9f16c0f2e65b219b3a5b7c427865fdb6c3bd062e35ba63079d6761ff46fd3	We were told to hurry up because we were being waited for.		2	0	twenties	female_feminine	nigerian accent		en	
403c1ec9623855b620b043ca2ca76c02989e679e32ba27b258392b5b58382c5d906fe56dfca7f5c416bc57def7d8028826c6c8ce8606332d876484126fa1aed6	common_voice_en_41917478.mp3	f5b66d2474ba8b4b60e9ec4ab79ff0a79e02c28d9fae74a77e13e77282a00026	However, reference markers are provided at intervals along the major corridors.		2	0	twenties	female_feminine	nigerian accent		en	
403c1ec9623855b620b043ca2ca76c02989e679e32ba27b258392b5b58382c5d906fe56dfca7f5c416bc57def7d8028826c6c8ce8606332d876484126fa1aed6	common_voice_en_41917490.mp3	f5b82398a9792a8be8df2b0ea8e308989490fc35e36eba3bba6c0e8c03cd29a4	The department is, historically, a prominent producer of gold, silver, and copper.		2	0	twenties	female_feminine	nigerian accent		en	
403c1ec9623855b620b043ca2ca76c02989e679e32ba27b258392b5b58382c5d906fe56dfca7f5c416bc57def7d8028826c6c8ce8606332d876484126fa1aed6	common_voice_en_41917493.mp3	f5be181cc123ae5c0a8233f65da56ed25a0a624cd9d4474e580a546482cbfaf6	The listing of shares on the stock exchanges was discontinued at short notice.		2	0	twenties	female_feminine	nigerian accent		en	
403c1ec9623855b620b043ca2ca76c02989e679e32ba27b258392b5b58382c5d906fe56dfca7f5c416bc57def7d8028826c6c8ce8606332d876484126fa1aed6	common_voice_en_41917497.mp3	f598ee3793c77cc34260f3182ad0316d7984671dd6f9ff847e0e97ca5eccc715	Its area was not listed because the village was unsurveyed.		2	0	twenties	female_feminine	nigerian accent		en	
403c1ec9623855b620b043ca2ca76c02989e679e32ba27b258392b5b58382c5d906fe56dfca7f5c416bc57def7d8028826c6c8ce8606332d876484126fa1aed6	common_voice_en_41917515.mp3	f590f50dd5fe218d4d0c2d39ad5cde65e4fa2c4329d8e1b21ed13df9790f173c	One skeleton dances part of the Charleston.		2	0	twenties	female_feminine	nigerian accent		en	
403c1ec9623855b620b043ca2ca76c02989e679e32ba27b258392b5b58382c5d906fe56dfca7f5c416bc57def7d8028826c6c8ce8606332d876484126fa1aed6	common_voice_en_41917519.mp3	f5b2d1b7779b1fccee83192d48a00008456cccaa9b89161f6236e28dabe3e423	Their greatest chart success came with their summer hit single "I Love You".		2	0	twenties	female_feminine	nigerian accent		en	
403c1ec9623855b620b043ca2ca76c02989e679e32ba27b258392b5b58382c5d906fe56dfca7f5c416bc57def7d8028826c6c8ce8606332d876484126fa1aed6	common_voice_en_41917524.mp3	f5c6141bf62b44554d23d9e7e9c166e055b8e89100248cdbe74c5396c06a77ab	This is known as skinny dipping.		4	0	twenties	female_feminine	nigerian accent		en	
403c1ec9623855b620b043ca2ca76c02989e679e32ba27b258392b5b58382c5d906fe56dfca7f5c416bc57def7d8028826c6c8ce8606332d876484126fa1aed6	common_voice_en_41917525.mp3	f5994b90e8a80827ba6b3f75f1c15d899a31e3b48274f259788790e9333ecfce	She died from her injuries later that same day.		2	0	twenties	female_feminine	nigerian accent		en	
403c1ec9623855b620b043ca2ca76c02989e679e32ba27b258392b5b58382c5d906fe56dfca7f5c416bc57def7d8028826c6c8ce8606332d876484126fa1aed6	common_voice_en_41920788.mp3	f5bd4a2ff9102a53be4423eef341133c2e2e4a93a58e9aae0aa892039590b8b4	Ibrahim was to control an area that encompassed eastern Algeria, Tunisia and Tripolitania.		2	0	twenties	female_feminine	nigerian accent		en	
403c1ec9623855b620b043ca2ca76c02989e679e32ba27b258392b5b58382c5d906fe56dfca7f5c416bc57def7d8028826c6c8ce8606332d876484126fa1aed6	common_voice_en_41920793.mp3	f5c86db97baa4264ca45dbe8610f780c6571eaa7abbd4797cbb9fac5bf533d37	The function of these structures is unknown.		2	0	twenties	female_feminine	nigerian accent		en	
403c1ec9623855b620b043ca2ca76c02989e679e32ba27b258392b5b58382c5d906fe56dfca7f5c416bc57def7d8028826c6c8ce8606332d876484126fa1aed6	common_voice_en_41920806.mp3	f5ac20b5d9e1f62c22d2926a43f24061f28881225a83cd29214ab6fac12c0d0a	Safeguarding labour of minors.		2	0	twenties	female_feminine	nigerian accent		en	
403c1ec9623855b620b043ca2ca76c02989e679e32ba27b258392b5b58382c5d906fe56dfca7f5c416bc57def7d8028826c6c8ce8606332d876484126fa1aed6	common_voice_en_41920809.mp3	f5c8c9bb71d6c0c36efa73a743066dcbd7981f2613c6519e90bc19cb85ed24dd	He finished his career after short stints with the Giants and Lions.		2	0	twenties	female_feminine	nigerian accent		en	
403c1ec9623855b620b043ca2ca76c02989e679e32ba27b258392b5b58382c5d906fe56dfca7f5c416bc57def7d8028826c6c8ce8606332d876484126fa1aed6	common_voice_en_41920828.mp3	f5c4ad142e4073cc2d6b1d7cde098d27b024e70be4f06fbbde344a7391cacd01	She worked hard to establish strong links with university students.		2	0	twenties	female_feminine	nigerian accent		en	
403c1ec9623855b620b043ca2ca76c02989e679e32ba27b258392b5b58382c5d906fe56dfca7f5c416bc57def7d8028826c6c8ce8606332d876484126fa1aed6	common_voice_en_41920842.mp3	f5c10b2865f6f6396b0ed3d62b75afe69cbf1b1c094332e0e9442849525643c3	Flowering plants or angiosperms are divided into two large groups.		2	0	twenties	female_feminine	nigerian accent		en	
403c1ec9623855b620b043ca2ca76c02989e679e32ba27b258392b5b58382c5d906fe56dfca7f5c416bc57def7d8028826c6c8ce8606332d876484126fa1aed6	common_voice_en_41920850.mp3	f5bd7e448df44a9d68a1b27a129e177c005f090b1e0aa3f058bfc8e3b69e4e77	He is quickly killed by Superboy-Prime amidst the chaos.		2	0	twenties	female_feminine	nigerian accent		en	
403c1ec9623855b620b043ca2ca76c02989e679e32ba27b258392b5b58382c5d906fe56dfca7f5c416bc57def7d8028826c6c8ce8606332d876484126fa1aed6	common_voice_en_41920855.mp3	f5b9d414f7d249e83252653941a757d0b533c79a6fb495820190eb59f3b425ec	The competition is open to young skippers across all classes.		2	0	twenties	female_feminine	nigerian accent		en	
403c1ec9623855b620b043ca2ca76c02989e679e32ba27b258392b5b58382c5d906fe56dfca7f5c416bc57def7d8028826c6c8ce8606332d876484126fa1aed6	common_voice_en_41920860.mp3	f5cc1c2d7f336842e82d7956c65bbb49f9176d5d7ce74c2489434b6ca736fe42	Linguist Noam Chomsky proposed a biological component of language, which he termed Universal Grammar.		2	0	twenties	female_feminine	nigerian accent		en	
403c1ec9623855b620b043ca2ca76c02989e679e32ba27b258392b5b58382c5d906fe56dfca7f5c416bc57def7d8028826c6c8ce8606332d876484126fa1aed6	common_voice_en_41920861.mp3	f5b4ad001119a3d5082874339faaa7fdb4ff292d2cebfd709e58a07b2d3ae835	According to an old account, there was an important exception to the rule.		2	0	twenties	female_feminine	nigerian accent		en	
403c1ec9623855b620b043ca2ca76c02989e679e32ba27b258392b5b58382c5d906fe56dfca7f5c416bc57def7d8028826c6c8ce8606332d876484126fa1aed6	common_voice_en_41927938.mp3	f564d06382f885e9087a4c0d8b6848d5dd6ca1a82b41f34c0b743060ef074bf9	"There's another one of mine," said Lucie.		2	0	twenties	female_feminine	nigerian accent		en	
403c1ec9623855b620b043ca2ca76c02989e679e32ba27b258392b5b58382c5d906fe56dfca7f5c416bc57def7d8028826c6c8ce8606332d876484126fa1aed6	common_voice_en_41927965.mp3	f5da5a1c6cf0b65034f094709da8691a5fd4d1a5ac00ffb76b7a83bd898dcb7c	The college also has pathways that lead to credentialing.		2	0	twenties	female_feminine	nigerian accent		en	
403c1ec9623855b620b043ca2ca76c02989e679e32ba27b258392b5b58382c5d906fe56dfca7f5c416bc57def7d8028826c6c8ce8606332d876484126fa1aed6	common_voice_en_41928094.mp3	f5ce893c306756f06f4420509c3d6c3137a6c63246a16f2ef392487d5806ff5d	Then you're not the man.		2	0	twenties	female_feminine	nigerian accent		en	
403c1ec9623855b620b043ca2ca76c02989e679e32ba27b258392b5b58382c5d906fe56dfca7f5c416bc57def7d8028826c6c8ce8606332d876484126fa1aed6	common_voice_en_41928123.mp3	f5bfebfe5ff3229560ff672c3fa54771290dce336558b8b600370d3d962274b5	Agricultural production is an important contributor to Jamaica's economy.		2	0	twenties	female_feminine	nigerian accent		en	
403c1ec9623855b620b043ca2ca76c02989e679e32ba27b258392b5b58382c5d906fe56dfca7f5c416bc57def7d8028826c6c8ce8606332d876484126fa1aed6	common_voice_en_41928171.mp3	f5d03bde23bd083f61feb4da17fd6e1d872afbbd798abb113b590f267c84e53d	These circuits are very frequently fed from transformers, and have significant resistance.		2	0	twenties	female_feminine	nigerian accent		en	
403c1ec9623855b620b043ca2ca76c02989e679e32ba27b258392b5b58382c5d906fe56dfca7f5c416bc57def7d8028826c6c8ce8606332d876484126fa1aed6	common_voice_en_41928350.mp3	f5a96c3bea650afd041a8259b93d515d183c200f6ff6e7eb71aa442adf8173cc	Doctor Frank Peralta is stabbed to death in his apartment one night.		2	0	twenties	female_feminine	nigerian accent		en	
403c1ec9623855b620b043ca2ca76c02989e679e32ba27b258392b5b58382c5d906fe56dfca7f5c416bc57def7d8028826c6c8ce8606332d876484126fa1aed6	common_voice_en_41928371.mp3	f5dfdc599333b89e9c37fd261329d961d47b4d1be1c6235be4eee6a4935f3824	Damer's friends included a number of influential Whigs and aristocrats.		2	0	twenties	female_feminine	nigerian accent		en	
403c1ec9623855b620b043ca2ca76c02989e679e32ba27b258392b5b58382c5d906fe56dfca7f5c416bc57def7d8028826c6c8ce8606332d876484126fa1aed6	common_voice_en_41928388.mp3	f5df5c1aedd0fcdbde0646bee69ffa0f2bd04001bf1dfee99a76effa6524d4e0	The label specializes in downtempo music.		2	0	twenties	female_feminine	nigerian accent		en	
403c1ec9623855b620b043ca2ca76c02989e679e32ba27b258392b5b58382c5d906fe56dfca7f5c416bc57def7d8028826c6c8ce8606332d876484126fa1aed6	common_voice_en_41928403.mp3	f5dff28bc216190cac4875f1c496c4dc3ffab42edc448e98bf9069ec8aa88e86	They then formed the group Tat Ming Pair, which was later signed by Polygram.		2	0	twenties	female_feminine	nigerian accent		en	
403c1ec9623855b620b043ca2ca76c02989e679e32ba27b258392b5b58382c5d906fe56dfca7f5c416bc57def7d8028826c6c8ce8606332d876484126fa1aed6	common_voice_en_41928453.mp3	f5dcc5c73a75ab5e7231b0bf37af4a820c02f9598007312135a72d13fa9f5d20	But Matt manages to raise her alone.		2	0	twenties	female_feminine	nigerian accent		en	
403c1ec9623855b620b043ca2ca76c02989e679e32ba27b258392b5b58382c5d906fe56dfca7f5c416bc57def7d8028826c6c8ce8606332d876484126fa1aed6	common_voice_en_41928476.mp3	f5bd430903e54f2e58181844f8c8a13b3e15f6f06525f775afecd7f5cf9cfc18	Each step is analogous to a multiplexing process.		2	0	twenties	female_feminine	nigerian accent		en	
403c1ec9623855b620b043ca2ca76c02989e679e32ba27b258392b5b58382c5d906fe56dfca7f5c416bc57def7d8028826c6c8ce8606332d876484126fa1aed6	common_voice_en_41928510.mp3	f5c5a63070d64a3a216017e20ae954bfabfc9af5e400b39e800a21c23d5cec49	Dana's character was not replaced.		4	0	twenties	female_feminine	nigerian accent		en	
403c1ec9623855b620b043ca2ca76c02989e679e32ba27b258392b5b58382c5d906fe56dfca7f5c416bc57def7d8028826c6c8ce8606332d876484126fa1aed6	common_voice_en_41929016.mp3	f5d0ef50eaeda8925515d1a349352777cef7a9ef3777ead6edcd31fcbedc3ffe	Producers on this record include Rick Nowels, Gregg Alexander and Peter Wade.		2	0	twenties	female_feminine	nigerian accent		en	
403c1ec9623855b620b043ca2ca76c02989e679e32ba27b258392b5b58382c5d906fe56dfca7f5c416bc57def7d8028826c6c8ce8606332d876484126fa1aed6	common_voice_en_41929075.mp3	f5d09c20f094a7ede201e3f3cf7f84bc31285c646c46f6f8d17634aa4c52c97c	It allows the cheese to melt without becoming greasy.		2	0	twenties	female_feminine	nigerian accent		en	
403c1ec9623855b620b043ca2ca76c02989e679e32ba27b258392b5b58382c5d906fe56dfca7f5c416bc57def7d8028826c6c8ce8606332d876484126fa1aed6	common_voice_en_41929143.mp3	f5cdd407068884beff80ef7c64b81de0db8c349ceea9d608bd978438370638d5	Radicals may appear in any position in a character.		4	0	twenties	female_feminine	nigerian accent		en	
403c1ec9623855b620b043ca2ca76c02989e679e32ba27b258392b5b58382c5d906fe56dfca7f5c416bc57def7d8028826c6c8ce8606332d876484126fa1aed6	common_voice_en_41929198.mp3	f5ed8385b264275fe56f47159c2940c6a976e8813db92047c385bcb5a5dcef2e	The album takes its name from an experimental film by Kenneth Anger.		2	0	twenties	female_feminine	nigerian accent		en	
403c1ec9623855b620b043ca2ca76c02989e679e32ba27b258392b5b58382c5d906fe56dfca7f5c416bc57def7d8028826c6c8ce8606332d876484126fa1aed6	common_voice_en_41929216.mp3	f5eae0fd2e31f209696208c88e2eba64a0023a6d17172339212001f42ca49c8e	Sulphate and chloride sodium water is used for therapeutic baths and drinking.		2	0	twenties	female_feminine	nigerian accent		en	
403c1ec9623855b620b043ca2ca76c02989e679e32ba27b258392b5b58382c5d906fe56dfca7f5c416bc57def7d8028826c6c8ce8606332d876484126fa1aed6	common_voice_en_41929227.mp3	f5d128f967ff201340fd31bf6a2a8f226f50951ee677a8670593aa6fb6272bdc	She saw his dark, mad eyes.		2	0	twenties	female_feminine	nigerian accent		en	
403c1ec9623855b620b043ca2ca76c02989e679e32ba27b258392b5b58382c5d906fe56dfca7f5c416bc57def7d8028826c6c8ce8606332d876484126fa1aed6	common_voice_en_41929248.mp3	f5e2545b2bcfdfb2792cbcc333b9b235669669dd1d31be11433575b1045acd17	The local baseball field is named for him.		2	0	twenties	female_feminine	nigerian accent		en	
403c1ec9623855b620b043ca2ca76c02989e679e32ba27b258392b5b58382c5d906fe56dfca7f5c416bc57def7d8028826c6c8ce8606332d876484126fa1aed6	common_voice_en_41929259.mp3	f5e7805dc5ba95586d6e646d0132f630e83643f7a6d6724ad84193efa046cdf6	The lake is bordered to the southwest by the Sinclair Wetlands.		2	0	twenties	female_feminine	nigerian accent		en	
403c1ec9623855b620b043ca2ca76c02989e679e32ba27b258392b5b58382c5d906fe56dfca7f5c416bc57def7d8028826c6c8ce8606332d876484126fa1aed6	common_voice_en_41929263.mp3	f5f0be3b82c5b2464982487681f6585e2344644af77a6c54ae5a23f46e2e8b87	From then on her life was dominated by her Westenholz family.		2	0	twenties	female_feminine	nigerian accent		en	
403c1ec9623855b620b043ca2ca76c02989e679e32ba27b258392b5b58382c5d906fe56dfca7f5c416bc57def7d8028826c6c8ce8606332d876484126fa1aed6	common_voice_en_41929360.mp3	f5e5d4e85443b364ea45fd5e75acaf51a9f30c9e143d3622f94c325f2427f3d0	In South Australian English the broad A is usually used.		2	0	twenties	female_feminine	nigerian accent		en	
403c1ec9623855b620b043ca2ca76c02989e679e32ba27b258392b5b58382c5d906fe56dfca7f5c416bc57def7d8028826c6c8ce8606332d876484126fa1aed6	common_voice_en_41929456.mp3	f5f7befae1a2bba18923e81b80c34364e233fcd0e350943faa29a2a8d59ba452	For a long stretch it serves as the Blue Line, the park's boundary.		2	0	twenties	female_feminine	nigerian accent		en	
403c1ec9623855b620b043ca2ca76c02989e679e32ba27b258392b5b58382c5d906fe56dfca7f5c416bc57def7d8028826c6c8ce8606332d876484126fa1aed6	common_voice_en_41929498.mp3	f5eab29af83e7b8bcb8f86ea48fcf49a802a1330329f76e1df50277f4dc30b02	The cruisers and had been sent to guard the waters south-east of Iceland.		2	0	twenties	female_feminine	nigerian accent		en	
403c1ec9623855b620b043ca2ca76c02989e679e32ba27b258392b5b58382c5d906fe56dfca7f5c416bc57def7d8028826c6c8ce8606332d876484126fa1aed6	common_voice_en_41930644.mp3	f5e185badf80d582beb87b8855ec03a874aeec65c7b1b69e0993c5c5bd8f07d9	Subsequent reports were published by other organizations.		2	0	twenties	female_feminine	nigerian accent		en	
403c1ec9623855b620b043ca2ca76c02989e679e32ba27b258392b5b58382c5d906fe56dfca7f5c416bc57def7d8028826c6c8ce8606332d876484126fa1aed6	common_voice_en_41930686.mp3	f5f7ff9150fe467c3015bd2bf49071619acb78b92f8f44db99c20aff9639ecc2	The boy shrugged his shoulders slightly.		2	0	twenties	female_feminine	nigerian accent		en	
403c1ec9623855b620b043ca2ca76c02989e679e32ba27b258392b5b58382c5d906fe56dfca7f5c416bc57def7d8028826c6c8ce8606332d876484126fa1aed6	common_voice_en_41948210.mp3	f603bd403ff1f981abe0201d1efc4df1404017a1cae988c8ff08bd64fe736dc1	These others, he said in a voice of extreme irritation.		2	0	twenties	female_feminine	nigerian accent		en	
403c1ec9623855b620b043ca2ca76c02989e679e32ba27b258392b5b58382c5d906fe56dfca7f5c416bc57def7d8028826c6c8ce8606332d876484126fa1aed6	common_voice_en_41948211.mp3	f5fbf6173c0323965a9e32fd0c2b3dbcb1fdc2c93672a8bc1f830dae904da942	"There are two main reason for which I think it's not true," he says.		2	0	twenties	female_feminine	nigerian accent		en	
403c1ec9623855b620b043ca2ca76c02989e679e32ba27b258392b5b58382c5d906fe56dfca7f5c416bc57def7d8028826c6c8ce8606332d876484126fa1aed6	common_voice_en_41952158.mp3	f61d577650534d44abe0c3f50caca0b7b1de6dad2cfb9c7538e34f01ca8d2060	The area falls within the Whitley Ward of the Wakefield Metropolitan Council.		2	0	twenties	female_feminine	nigerian accent		en	
403c1ec9623855b620b043ca2ca76c02989e679e32ba27b258392b5b58382c5d906fe56dfca7f5c416bc57def7d8028826c6c8ce8606332d876484126fa1aed6	common_voice_en_41952160.mp3	f61217522df53ae75f23292e34c7bae59a2813eacb532d7bbd792d38e22f8682	Its precise origin is difficult to pinpoint due to amalgamations.		2	0	twenties	female_feminine	nigerian accent		en	
403c1ec9623855b620b043ca2ca76c02989e679e32ba27b258392b5b58382c5d906fe56dfca7f5c416bc57def7d8028826c6c8ce8606332d876484126fa1aed6	common_voice_en_41952161.mp3	f61f19b399d29e1460f86cf8acb0e5f76dbab9369637badc127bcc0e6e81fd36	Both her parents were professional artists.		2	0	twenties	female_feminine	nigerian accent		en	
403c1ec9623855b620b043ca2ca76c02989e679e32ba27b258392b5b58382c5d906fe56dfca7f5c416bc57def7d8028826c6c8ce8606332d876484126fa1aed6	common_voice_en_41952177.mp3	f61b6f87d6fdce4b5985c1f578e27c115204bfbada527f960b68a30589ea1240	Denny responded in verse.		2	0	twenties	female_feminine	nigerian accent		en	
403c1ec9623855b620b043ca2ca76c02989e679e32ba27b258392b5b58382c5d906fe56dfca7f5c416bc57def7d8028826c6c8ce8606332d876484126fa1aed6	common_voice_en_41952209.mp3	f62052679079da909092a17cebee4b82b0022976e39cf03368a53331c23ece48	Vision, in return for equity in the company.		2	0	twenties	female_feminine	nigerian accent		en	
403c1ec9623855b620b043ca2ca76c02989e679e32ba27b258392b5b58382c5d906fe56dfca7f5c416bc57def7d8028826c6c8ce8606332d876484126fa1aed6	common_voice_en_41952256.mp3	f6268846de480ae6e9ec3f4936ac50a697139b100e337fde0cbeead20841439e	Financial terms were not disclosed.		2	0	twenties	female_feminine	nigerian accent		en	
403c1ec9623855b620b043ca2ca76c02989e679e32ba27b258392b5b58382c5d906fe56dfca7f5c416bc57def7d8028826c6c8ce8606332d876484126fa1aed6	common_voice_en_41952276.mp3	f6029c9259d1b7d9d82a9e55570fce8a391e189071c0d6f22f528d6efddf4a30	The pilot made it back to his base.		2	0	twenties	female_feminine	nigerian accent		en	
403c1ec9623855b620b043ca2ca76c02989e679e32ba27b258392b5b58382c5d906fe56dfca7f5c416bc57def7d8028826c6c8ce8606332d876484126fa1aed6	common_voice_en_41952277.mp3	f62120e108fbce661ef5d94ff4abee22be46c3756e0064b7e42d4f12b62ce7d6	Each of the lots have river frontage.		2	0	twenties	female_feminine	nigerian accent		en	
403c1ec9623855b620b043ca2ca76c02989e679e32ba27b258392b5b58382c5d906fe56dfca7f5c416bc57def7d8028826c6c8ce8606332d876484126fa1aed6	common_voice_en_41952302.mp3	f622b3b5fe736cc300f91a5d4a568b8606d1843430e779c782bbf11ee6b42e3a	She is a mother of two sons named Kayden Cash and Sebastian Evans.		4	0	twenties	female_feminine	nigerian accent		en	
403c1ec9623855b620b043ca2ca76c02989e679e32ba27b258392b5b58382c5d906fe56dfca7f5c416bc57def7d8028826c6c8ce8606332d876484126fa1aed6	common_voice_en_41961951.mp3	f6265d6e051227ecb43962fbbc1efd6c7af8ae2e0694fd0e27eb97972210f868	This was a compilation of the first three episodes of Series Two.		2	0	twenties	female_feminine	nigerian accent		en	
403c1ec9623855b620b043ca2ca76c02989e679e32ba27b258392b5b58382c5d906fe56dfca7f5c416bc57def7d8028826c6c8ce8606332d876484126fa1aed6	common_voice_en_41962016.mp3	f611755e31c0c060a1f700bca2179ec4a098f8180b9d1a2b1a9ff14c2a96782a	The Army's operational headquarters, Forces Command, is located at Victoria Barracks in Sydney.		2	0	twenties	female_feminine	nigerian accent		en	
403c1ec9623855b620b043ca2ca76c02989e679e32ba27b258392b5b58382c5d906fe56dfca7f5c416bc57def7d8028826c6c8ce8606332d876484126fa1aed6	common_voice_en_41962071.mp3	f626b5e51db02773f9836631559cadb7709fc0d5795f8f8edd500e72efd6db7a	The rebranding process was referred internally to as Project Hyphen.		2	0	twenties	female_feminine	nigerian accent		en	
403c1ec9623855b620b043ca2ca76c02989e679e32ba27b258392b5b58382c5d906fe56dfca7f5c416bc57def7d8028826c6c8ce8606332d876484126fa1aed6	common_voice_en_41962321.mp3	f634f4285a56f862cafa6930da917f57dd432d37ada971769eb453b4f00d2144	This is where the kitchen, or galley, was situated and the food was cooked.		2	0	twenties	female_feminine	nigerian accent		en	
403c1ec9623855b620b043ca2ca76c02989e679e32ba27b258392b5b58382c5d906fe56dfca7f5c416bc57def7d8028826c6c8ce8606332d876484126fa1aed6	common_voice_en_41962341.mp3	f62139a845b46f6c139b604b41ce6ae38f38e6ecb07e171a51a1ec20a161e1f4	Depending on certain player actions in Symphony, the player will receive different endings.		2	0	twenties	female_feminine	nigerian accent		en	
403c1ec9623855b620b043ca2ca76c02989e679e32ba27b258392b5b58382c5d906fe56dfca7f5c416bc57def7d8028826c6c8ce8606332d876484126fa1aed6	common_voice_en_41962478.mp3	f61f545a06b82d35119431f77ad5f17039e81621a1aeac3466fbb4eee6156116	He won his first career race at New Hampshire and finished eighth in points.		2	0	twenties	female_feminine	nigerian accent		en	
403c1ec9623855b620b043ca2ca76c02989e679e32ba27b258392b5b58382c5d906fe56dfca7f5c416bc57def7d8028826c6c8ce8606332d876484126fa1aed6	common_voice_en_41962479.mp3	f613349c716e827ca2a850cf1aaf361d21372bdb9dfb0f23d90aff334600ea73	Her parents met working at Polaroid.		2	0	twenties	female_feminine	nigerian accent		en	
403c1ec9623855b620b043ca2ca76c02989e679e32ba27b258392b5b58382c5d906fe56dfca7f5c416bc57def7d8028826c6c8ce8606332d876484126fa1aed6	common_voice_en_42220389.mp3	16c6ba6109a1547f2e85e0e28f45718e026612ec32682dade9daf8a606c9092c	Furthermore, Miriam emphasizes the importance of staying hydrated throughout the flight.		2	0	twenties	female_feminine	nigerian accent		en	
403c1ec9623855b620b043ca2ca76c02989e679e32ba27b258392b5b58382c5d906fe56dfca7f5c416bc57def7d8028826c6c8ce8606332d876484126fa1aed6	common_voice_en_42220414.mp3	131829cd398234d69af1a600cc7330000262ef63b880bc5c74c9ced3cf685950	This event serves as the catalyst for the rest of the narrative.		2	0	twenties	female_feminine	nigerian accent		en	
403c1ec9623855b620b043ca2ca76c02989e679e32ba27b258392b5b58382c5d906fe56dfca7f5c416bc57def7d8028826c6c8ce8606332d876484126fa1aed6	common_voice_en_42220435.mp3	1192214a54a3659c70543c802b8168df23635263acbdbb23730efc17776bf3e5	This rule will probably not be good for that kind of person.		2	0	twenties	female_feminine	nigerian accent		en	
403c1ec9623855b620b043ca2ca76c02989e679e32ba27b258392b5b58382c5d906fe56dfca7f5c416bc57def7d8028826c6c8ce8606332d876484126fa1aed6	common_voice_en_42220527.mp3	f6a82535d414098f3f8b3ee89c493cd32500bea023cfe604360b9b7b72043cd1	Instead a dirt highway going north-east reaches Arua and Gulu north of the lake.		2	0	twenties	female_feminine	nigerian accent		en	
403c1ec9623855b620b043ca2ca76c02989e679e32ba27b258392b5b58382c5d906fe56dfca7f5c416bc57def7d8028826c6c8ce8606332d876484126fa1aed6	common_voice_en_42220889.mp3	f6bcef67cc94a7c400363a92c50f2b3ae22c359bf57b6e652f11e493a40f7b9b	Their soles need to possess both "slip" and "grip" characteristics.		2	0	twenties	female_feminine	nigerian accent		en	
403c1ec9623855b620b043ca2ca76c02989e679e32ba27b258392b5b58382c5d906fe56dfca7f5c416bc57def7d8028826c6c8ce8606332d876484126fa1aed6	common_voice_en_42221034.mp3	f6b6c17bccc00f006a1264b40f65782f57e132d41d0d3be78ba870dfb2748771	Sloman was married with three daughters.		2	0	twenties	female_feminine	nigerian accent		en	
403c1ec9623855b620b043ca2ca76c02989e679e32ba27b258392b5b58382c5d906fe56dfca7f5c416bc57def7d8028826c6c8ce8606332d876484126fa1aed6	common_voice_en_42221077.mp3	f6a6f1b3fda1e933bf19f11b07e7b25e7dd73260748efc72f14427ce4d2bbabe	He was named as Charles by his parents when he was born.		2	0	twenties	female_feminine	nigerian accent		en	
403c1ec9623855b620b043ca2ca76c02989e679e32ba27b258392b5b58382c5d906fe56dfca7f5c416bc57def7d8028826c6c8ce8606332d876484126fa1aed6	common_voice_en_42221538.mp3	f6b5acc7a10f9299c4ed434743cd394c3cb68e79f159ab53370ac4efd90b5126	Danny Kingsbury was the architect of this new station as program director.		2	0	twenties	female_feminine	nigerian accent		en	
